From	To
Q64449	10090.ENSMUSP00000097909
Q9R118	10090.ENSMUSP00000006367
Q63844	10090.ENSMUSP00000051619
O08532	10090.ENSMUSP00000049457
Q9QXB9	10090.ENSMUSP00000018568
Q8CIP4	10090.ENSMUSP00000082862
Q925J9	10090.ENSMUSP00000103169
Q9Z0L0	10090.ENSMUSP00000006559
Q8R4Y4	10090.ENSMUSP00000046199
P35441	10090.ENSMUSP00000044903
Q9ERB5	10090.ENSMUSP00000032362
Q3UX10	10090.ENSMUSP00000021639
P15379	10090.ENSMUSP00000005218
P30412	10090.ENSMUSP00000025419
O70423	10090.ENSMUSP00000099394
Q91WM1	10090.ENSMUSP00000028279
Q9Z0U0	10090.ENSMUSP00000027741
O35607	10090.ENSMUSP00000084701
P58022	10090.ENSMUSP00000022660
Q62523	10090.ENSMUSP00000126622
P01901	10090.ENSMUSP00000025181
Q03137	10090.ENSMUSP00000027451
Q9R1E6	10090.ENSMUSP00000128941
P15116	10090.ENSMUSP00000025166
Q91W52	10090.ENSMUSP00000089808
Q64737	10090.ENSMUSP00000023684
Q60766	10090.ENSMUSP00000050446
O55111	10090.ENSMUSP00000057096
Q9R069	10090.ENSMUSP00000003061
A2AQ25	10090.ENSMUSP00000110274
Q06186	10090.ENSMUSP00000025363
O35658	10090.ENSMUSP00000077612
Q8R366	10090.ENSMUSP00000041232
P13808	10090.ENSMUSP00000078972
Q8K2A1	10090.ENSMUSP00000074115
Q61789	10090.ENSMUSP00000089703
P10287	10090.ENSMUSP00000079613
Q61739	10090.ENSMUSP00000107729
P05533	10090.ENSMUSP00000140287
O54931	10090.ENSMUSP00000099969
Q6P5F6	10090.ENSMUSP00000027131
O89053	10090.ENSMUSP00000101972
Q8HWE5	10090.ENSMUSP00000154268
A6X8Z5	10090.ENSMUSP00000023487
Q64337	10090.ENSMUSP00000099835
Q9CZT5	10090.ENSMUSP00000045162
Q924X6	10090.ENSMUSP00000102342
Q9WVA4	10090.ENSMUSP00000106861
P28843	10090.ENSMUSP00000044050
B8JK39	10090.ENSMUSP00000044227
P70274	10090.ENSMUSP00000124305
Q80YA9	10090.ENSMUSP00000026750
Q9Z0F8	10090.ENSMUSP00000099087
Q9WTS6	10090.ENSMUSP00000033965
P10810	10090.ENSMUSP00000056669
Q80U49	10090.ENSMUSP00000098580
P97363	10090.ENSMUSP00000021424
P98156	10090.ENSMUSP00000127329
P15208	10090.ENSMUSP00000088837
Q60780	10090.ENSMUSP00000104322
P46938	10090.ENSMUSP00000069554
P50284	10090.ENSMUSP00000032489
P70663	10090.ENSMUSP00000031249
Q9JLN9	10090.ENSMUSP00000099510
P70336	10090.ENSMUSP00000020904
Q62507	10090.ENSMUSP00000128127
Q5SNZ0	10090.ENSMUSP00000048978
Q8VHQ9	10090.ENSMUSP00000069636
Q9Z2D8	10090.ENSMUSP00000089948
Q61165	10090.ENSMUSP00000030669
E9QAT4	10090.ENSMUSP00000088796
P55066	10090.ENSMUSP00000002412
O70491	10090.ENSMUSP00000130232
Q61581	10090.ENSMUSP00000128318
Q60629	10090.ENSMUSP00000060646
P15209	10090.ENSMUSP00000078757
P06537	10090.ENSMUSP00000111229
Q8R4U7	10090.ENSMUSP00000130758
Q9JM96	10090.ENSMUSP00000102227
A2AWA9	10090.ENSMUSP00000061624
G5E870	10090.ENSMUSP00000027421
P52800	10090.ENSMUSP00000001319
P55284	10090.ENSMUSP00000034339
Q6P9J5	10090.ENSMUSP00000099851
Q99K41	10090.ENSMUSP00000031055
Q8BMA6	10090.ENSMUSP00000021133
O70400	10090.ENSMUSP00000064545
Q9Z127	10090.ENSMUSP00000041557
P09803	10090.ENSMUSP00000000312
Q5SRX1	10090.ENSMUSP00000099744
Q08481	10090.ENSMUSP00000102408
Q8BQZ4	10090.ENSMUSP00000105111
O70324	10090.ENSMUSP00000037629
O35316	10090.ENSMUSP00000032185
Q9EPL8	10090.ENSMUSP00000081782
O88508	10090.ENSMUSP00000020991
Q9JI91	10090.ENSMUSP00000067708
P97792	10090.ENSMUSP00000023572
O54990	10090.ENSMUSP00000073751
Q9WVH9	10090.ENSMUSP00000021603
Q80VP0	10090.ENSMUSP00000082844
Q6GV12	10090.ENSMUSP00000010049
P42703	10090.ENSMUSP00000126137
Q8VHZ7	10090.ENSMUSP00000027303
Q8CI85	10090.ENSMUSP00000071786
Q9Z2A0	10090.ENSMUSP00000099991
Q60675	10090.ENSMUSP00000090304
Q0VBD0	10090.ENSMUSP00000026360
P12804	10090.ENSMUSP00000046131
P22725	10090.ENSMUSP00000064878
P22726	10090.ENSMUSP00000137065
Q921H8	10090.ENSMUSP00000042351
Q8VCH0	10090.ENSMUSP00000010795
Q8BZI0	10090.ENSMUSP00000113286
Q923D5	10090.ENSMUSP00000112213
Q8BKH7	10090.ENSMUSP00000116494
Q9R1Z8	10090.ENSMUSP00000022682
Q5DTL9	10090.ENSMUSP00000108099
Q6ZQ29	10090.ENSMUSP00000112963
O88990	10090.ENSMUSP00000006626
Q61702	10090.ENSMUSP00000006704
Q5M8N0	10090.ENSMUSP00000050036
Q8VC69	10090.ENSMUSP00000010250
Q64695	10090.ENSMUSP00000029140
Q8BLU0	10090.ENSMUSP00000062171
Q91V09	10090.ENSMUSP00000033506
Q8BYM5	10090.ENSMUSP00000066304
O35609	10090.ENSMUSP00000112846
Q8C351	10090.ENSMUSP00000096379
Q9CZJ2	10090.ENSMUSP00000096950
Q8K007	10090.ENSMUSP00000137523
Q8BLQ9	10090.ENSMUSP00000113500
Q91ZX7	10090.ENSMUSP00000044004
E9Q3C1	10090.ENSMUSP00000127368
P82349	10090.ENSMUSP00000079937
Q8R3G1	10090.ENSMUSP00000030702
Q9CZD3	10090.ENSMUSP00000003572
P98191	10090.ENSMUSP00000031273
Q8BGT7	10090.ENSMUSP00000025997
O88796	10090.ENSMUSP00000025714
Q0KL02	10090.ENSMUSP00000087714
Q04690	10090.ENSMUSP00000071289
A2A8L5	10090.ENSMUSP00000039368
O35206	10090.ENSMUSP00000099981
P10852	10090.ENSMUSP00000130194
Q61559	10090.ENSMUSP00000003512
Q922B9	10090.ENSMUSP00000107415
Q61503	10090.ENSMUSP00000034992
Q9EQJ9	10090.ENSMUSP00000112934
Q61187	10090.ENSMUSP00000014546
Q810U4	10090.ENSMUSP00000020939
Q07113	10090.ENSMUSP00000024599
Q9DBD5	10090.ENSMUSP00000019065
Q9JK53	10090.ENSMUSP00000048803
P70175	10090.ENSMUSP00000085299
Q8R2V5	10090.ENSMUSP00000021050
P31428	10090.ENSMUSP00000019422
Q70IV5	10090.ENSMUSP00000073855
Q8BLX7	10090.ENSMUSP00000035802
P23819	10090.ENSMUSP00000074787
Q8R001	10090.ENSMUSP00000025127
P13595	10090.ENSMUSP00000130668
Q2PZL6	10090.ENSMUSP00000061836
Q3UHC7	10090.ENSMUSP00000088532
Q8K0B2	10090.ENSMUSP00000140783
Q02248	10090.ENSMUSP00000007130
Q80WQ6	10090.ENSMUSP00000099317
Q62418	10090.ENSMUSP00000020769
Q62351	10090.ENSMUSP00000023486
Q9Z1M0	10090.ENSMUSP00000098303
Q61301	10090.ENSMUSP00000124376
Q61555	10090.ENSMUSP00000025497
O35136	10090.ENSMUSP00000063468
Q8C129	10090.ENSMUSP00000036998
Q61102	10090.ENSMUSP00000033695
Q64735	10090.ENSMUSP00000074902
Q9Z331	10090.ENSMUSP00000023786
Q8K1A6	10090.ENSMUSP00000046449
P35918	10090.ENSMUSP00000109144
Q80TE4	10090.ENSMUSP00000148536
Q7TNV0	10090.ENSMUSP00000021807
O35308	10090.ENSMUSP00000040522
P13597	10090.ENSMUSP00000083587
P40240	10090.ENSMUSP00000032492
Q9CYZ2	10090.ENSMUSP00000117690
Q811D0	10090.ENSMUSP00000064280
P83093	10090.ENSMUSP00000113174
Q64314	10090.ENSMUSP00000016638
Q8BKX1	10090.ENSMUSP00000026436
P32507	10090.ENSMUSP00000074898
P21995	10090.ENSMUSP00000022242
Q3UTY6	10090.ENSMUSP00000096257
A2ARA8	10090.ENSMUSP00000028106
Q99LX5	10090.ENSMUSP00000020719
P06879	10090.ENSMUSP00000105998
P12960	10090.ENSMUSP00000133063
Q62312	10090.ENSMUSP00000062333
P51906	10090.ENSMUSP00000025875
Q9Z0H1	10090.ENSMUSP00000025170
Q69ZH9	10090.ENSMUSP00000103227
Q6KCD5	10090.ENSMUSP00000059385
Q0P557	10090.ENSMUSP00000064308
Q9JI33	10090.ENSMUSP00000020204
Q99KW3	10090.ENSMUSP00000105312
Q8R5H6	10090.ENSMUSP00000101148
P43406	10090.ENSMUSP00000028499
P70257	10090.ENSMUSP00000105386
A2ABV5	10090.ENSMUSP00000094239
P36371	10090.ENSMUSP00000025197
Q9JHL1	10090.ENSMUSP00000002572
Q9R0M0	10090.ENSMUSP00000088046
P10493	10090.ENSMUSP00000005532
Q61009	10090.ENSMUSP00000083242
Q64455	10090.ENSMUSP00000129592
Q99N28	10090.ENSMUSP00000106851
P20918	10090.ENSMUSP00000014578
P31001	10090.ENSMUSP00000027409
Q00651	10090.ENSMUSP00000099718
Q04736	10090.ENSMUSP00000072154
Q8VCD6	10090.ENSMUSP00000036065
P97797	10090.ENSMUSP00000124048
Q8VD75	10090.ENSMUSP00000059033
Q8VD04	10090.ENSMUSP00000111339
P31649	10090.ENSMUSP00000066779
Q8BH79	10090.ENSMUSP00000045214
Q8QZY6	10090.ENSMUSP00000153208
P02468	10090.ENSMUSP00000027752
P43024	10090.ENSMUSP00000047661
Q8BJ42	10090.ENSMUSP00000123078
Q61614	10090.ENSMUSP00000034029
P25446	10090.ENSMUSP00000025691
Q8R502	10090.ENSMUSP00000066015
Q9DBY4	10090.ENSMUSP00000116056
Q80XI3	10090.ENSMUSP00000081232
Q8R5C8	10090.ENSMUSP00000106268
Q8CIZ8	10090.ENSMUSP00000107873
Q60847	10090.ENSMUSP00000071662
P56528	10090.ENSMUSP00000030964
Q9EPR4	10090.ENSMUSP00000028815
P18653	10090.ENSMUSP00000101514
O08677	10090.ENSMUSP00000023589
Q9QZD9	10090.ENSMUSP00000099653
P53986	10090.ENSMUSP00000045216
Q9ET54	10090.ENSMUSP00000112442
Q61554	10090.ENSMUSP00000099524
Q61137	10090.ENSMUSP00000142322
O70589	10090.ENSMUSP00000111098
P11688	10090.ENSMUSP00000023128
Q9CWK8	10090.ENSMUSP00000039243
Q8BJY1	10090.ENSMUSP00000028225
Q3UHD6	10090.ENSMUSP00000102904
Q61292	10090.ENSMUSP00000069087
O55186	10090.ENSMUSP00000132774
P82347	10090.ENSMUSP00000076459
Q9QY30	10090.ENSMUSP00000099770
Q61330	10090.ENSMUSP00000083707
Q3UXZ9	10090.ENSMUSP00000005108
P15306	10090.ENSMUSP00000096877
P31809	10090.ENSMUSP00000096266
Q99PJ0	10090.ENSMUSP00000074578
Q68FL4	10090.ENSMUSP00000110897
Q3UH68	10090.ENSMUSP00000098723
Q8C0Z1	10090.ENSMUSP00000110639
P17809	10090.ENSMUSP00000030398
O88322	10090.ENSMUSP00000022340
Q8JZR0	10090.ENSMUSP00000046585
Q03141	10090.ENSMUSP00000082017
Q61037	10090.ENSMUSP00000094986
Q8BJD1	10090.ENSMUSP00000026886
P70704	10090.ENSMUSP00000042215
Q8K211	10090.ENSMUSP00000081574
P41233	10090.ENSMUSP00000030010
Q9WV85	10090.ENSMUSP00000024978
Q62141	10090.ENSMUSP00000004494
P10923	10090.ENSMUSP00000084043
Q5DTX6	10090.ENSMUSP00000038613
Q6ZWQ7	10090.ENSMUSP00000136527
Q9Z0M6	10090.ENSMUSP00000075240
Q8BNI4	10090.ENSMUSP00000117052
Q6P9K8	10090.ENSMUSP00000024958
Q01339	10090.ENSMUSP00000000049
Q5DW34	10090.ENSMUSP00000119057
Q9Z0P4	10090.ENSMUSP00000040596
Q09143	10090.ENSMUSP00000046714
Q9JLM4	10090.ENSMUSP00000068197
P70424	10090.ENSMUSP00000053897
O35379	10090.ENSMUSP00000097743
P70335	10090.ENSMUSP00000069549
P19221	10090.ENSMUSP00000028681
P70207	10090.ENSMUSP00000027952
P35917	10090.ENSMUSP00000020617
Q9JIS8	10090.ENSMUSP00000034370
Q9R0H2	10090.ENSMUSP00000112603
P39447	10090.ENSMUSP00000099652
Q3U128	10090.ENSMUSP00000157539
Q6ZQL4	10090.ENSMUSP00000048337
Q99JX4	10090.ENSMUSP00000028592
Q80TH2	10090.ENSMUSP00000140536
Q9EP96	10090.ENSMUSP00000130746
Q9CXI3	10090.ENSMUSP00000093460
Q70FJ1	10090.ENSMUSP00000046129
Q61830	10090.ENSMUSP00000028045
Q2UY11	10090.ENSMUSP00000111199
P35922	10090.ENSMUSP00000085906
Q9Z1Z0	10090.ENSMUSP00000031355
P19137	10090.ENSMUSP00000043957
Q8K021	10090.ENSMUSP00000022197
Q63912	10090.ENSMUSP00000132918
Q8VEK0	10090.ENSMUSP00000034878
Q9CZW4	10090.ENSMUSP00000045291
Q9DB41	10090.ENSMUSP00000108302
P55288	10090.ENSMUSP00000074681
Q8CJF7	10090.ENSMUSP00000027768
Q61081	10090.ENSMUSP00000019615
P26043	10090.ENSMUSP00000000590
Q8JZQ2	10090.ENSMUSP00000025408
Q9ESB3	10090.ENSMUSP00000023590
B2RQC6	10090.ENSMUSP00000013773
P54761	10090.ENSMUSP00000106684
Q9JI59	10090.ENSMUSP00000109833
O35161	10090.ENSMUSP00000016172
O35704	10090.ENSMUSP00000021920
Q6AW69	10090.ENSMUSP00000072672
E9PYH6	10090.ENSMUSP00000047672
P53026	10090.ENSMUSP00000048469
P51885	10090.ENSMUSP00000040877
Q80VD1	10090.ENSMUSP00000028825
Q9WVJ9	10090.ENSMUSP00000064719
Q3TSG4	10090.ENSMUSP00000049116
Q9QYE5	10090.ENSMUSP00000075224
Q71FD7	10090.ENSMUSP00000006381
Q02858	10090.ENSMUSP00000099862
Q61704	10090.ENSMUSP00000006697
Q80UW8	10090.ENSMUSP00000004786
Q8CCT4	10090.ENSMUSP00000065397
Q8K114	10090.ENSMUSP00000045552
Q3U0S6	10090.ENSMUSP00000062429
Q3TYA6	10090.ENSMUSP00000112170
P13504	10090.ENSMUSP00000027241
P14106	10090.ENSMUSP00000040246
Q8CFI0	10090.ENSMUSP00000158026
P0CW03	10090.ENSMUSP00000098110
P97370	10090.ENSMUSP00000034983
O54901	10090.ENSMUSP00000130518
Q6PHU5	10090.ENSMUSP00000123564
Q80TR1	10090.ENSMUSP00000118452
Q640R3	10090.ENSMUSP00000054105
P21447	10090.ENSMUSP00000041204
Q61703	10090.ENSMUSP00000046530
Q8BG95	10090.ENSMUSP00000131406
Q9CRB6	10090.ENSMUSP00000135040
Q9DAW9	10090.ENSMUSP00000029773
Q9JHS9	10090.ENSMUSP00000004200
Q9R0P6	10090.ENSMUSP00000026818
P51655	10090.ENSMUSP00000033450
P26618	10090.ENSMUSP00000127173
P28740	10090.ENSMUSP00000112715
Q8R1K1	10090.ENSMUSP00000043245
Q9DCP2	10090.ENSMUSP00000130414
Q05909	10090.ENSMUSP00000022264
O54942	10090.ENSMUSP00000041925
Q9QXY6	10090.ENSMUSP00000024860
P06880	10090.ENSMUSP00000099360
Q6GUQ1	10090.ENSMUSP00000015611
Q9JJJ7	10090.ENSMUSP00000076790
E9Q7E2	10090.ENSMUSP00000093969
Q62009	10090.ENSMUSP00000072773
Q6NZC7	10090.ENSMUSP00000035610
P60853	10090.ENSMUSP00000139117
P70182	10090.ENSMUSP00000102852
Q3UN04	10090.ENSMUSP00000031588
Q8VI36	10090.ENSMUSP00000083709
Q3UH93	10090.ENSMUSP00000015511
Q3UPR9	10090.ENSMUSP00000047730
Q99MQ4	10090.ENSMUSP00000136728
Q9JLQ0	10090.ENSMUSP00000024709
Q91Y63	10090.ENSMUSP00000029208
Q8BVA2	10090.ENSMUSP00000101527
O88441	10090.ENSMUSP00000028511
O35887	10090.ENSMUSP00000031779
P25976	10090.ENSMUSP00000133844
Q922P8	10090.ENSMUSP00000025645
Q61469	10090.ENSMUSP00000016144
Q8R2Z5	10090.ENSMUSP00000040405
P14231	10090.ENSMUSP00000047353
P02469	10090.ENSMUSP00000002979
Q8CG79	10090.ENSMUSP00000112508
Q641P0	10090.ENSMUSP00000085578
P98086	10090.ENSMUSP00000048836
Q91VR7	10090.ENSMUSP00000029128
Q9CQV6	10090.ENSMUSP00000034270
P35330	10090.ENSMUSP00000001055
Q60738	10090.ENSMUSP00000042410
Q9Z0U1	10090.ENSMUSP00000156728
Q91V08	10090.ENSMUSP00000032260
Q61001	10090.ENSMUSP00000015791
Q9QWI6	10090.ENSMUSP00000103222
Q6GQS1	10090.ENSMUSP00000040198
Q9EQ20	10090.ENSMUSP00000082288
Q62470	10090.ENSMUSP00000113556
Q9R1W5	10090.ENSMUSP00000073875
Q9Z110	10090.ENSMUSP00000025979
P16546	10090.ENSMUSP00000121116
Q61475	10090.ENSMUSP00000027650
Q8C4U3	10090.ENSMUSP00000033952
E9PVD3	10090.ENSMUSP00000077574
P97820	10090.ENSMUSP00000141400
Q8BL66	10090.ENSMUSP00000061493
Q3UHK6	10090.ENSMUSP00000102783
Q921I1	10090.ENSMUSP00000035158
Q9JKY5	10090.ENSMUSP00000000939
P42208	10090.ENSMUSP00000027495
O54724	10090.ENSMUSP00000058321
P35969	10090.ENSMUSP00000031653
Q9WUP0	10090.ENSMUSP00000122072
Q02788	10090.ENSMUSP00000001181
Q9WTL7	10090.ENSMUSP00000064204
Q9CZW5	10090.ENSMUSP00000129186
Q8BK62	10090.ENSMUSP00000029440
P49817	10090.ENSMUSP00000007799
Q9JI18	10090.ENSMUSP00000054275
Q9JJA7	10090.ENSMUSP00000030944
P28571	10090.ENSMUSP00000030269
Q64151	10090.ENSMUSP00000142284
O54890	10090.ENSMUSP00000021028
P18293	10090.ENSMUSP00000029540
F6XLV1	10090.ENSMUSP00000120588
P24668	10090.ENSMUSP00000108229
Q01279	10090.ENSMUSP00000020329
Q05793	10090.ENSMUSP00000131316
Q04857	10090.ENSMUSP00000001147
Q80TS3	10090.ENSMUSP00000072336
G5E8Q8	10090.ENSMUSP00000109229
Q924Z4	10090.ENSMUSP00000015858
Q8QZY9	10090.ENSMUSP00000075709
Q9WVC3	10090.ENSMUSP00000000058
Q62000	10090.ENSMUSP00000021822
Q8R2G4	10090.ENSMUSP00000113510
P97927	10090.ENSMUSP00000019992
O35075	10090.ENSMUSP00000023615
Q91YD9	10090.ENSMUSP00000031695
Q9JKP5	10090.ENSMUSP00000096686
Q8C181	10090.ENSMUSP00000085763
E9Q7G0	10090.ENSMUSP00000081912
Q8BYI9	10090.ENSMUSP00000141553
Q6PAJ1	10090.ENSMUSP00000126377
O88839	10090.ENSMUSP00000029676
Q99JR8	10090.ENSMUSP00000021052
Q8BIK4	10090.ENSMUSP00000047881
Q8R464	10090.ENSMUSP00000066880
Q6X893	10090.ENSMUSP00000099975
P70387	10090.ENSMUSP00000089298
O09164	10090.ENSMUSP00000098768
P21271	10090.ENSMUSP00000073790
Q5FWI3	10090.ENSMUSP00000093908
O08746	10090.ENSMUSP00000022947
Q9JKZ2	10090.ENSMUSP00000109608
Q8C419	10090.ENSMUSP00000049708
Q80UG2	10090.ENSMUSP00000110748
P28656	10090.ENSMUSP00000151972
P07309	10090.ENSMUSP00000074783
Q91V88	10090.ENSMUSP00000091505
P09103	10090.ENSMUSP00000026122
Q640N1	10090.ENSMUSP00000099987
Q01705	10090.ENSMUSP00000028288
P05064	10090.ENSMUSP00000084846
Q8BPB5	10090.ENSMUSP00000020759
O35188	10090.ENSMUSP00000034230
Q6P4S6	10090.ENSMUSP00000121032
P21661	10090.ENSMUSP00000028905
Q99JG2	10090.ENSMUSP00000027682
O88632	10090.ENSMUSP00000141865
Q8BTY2	10090.ENSMUSP00000058313
Q64514	10090.ENSMUSP00000085244
Q3TEW6	10090.ENSMUSP00000107062
Q9Z0X1	10090.ENSMUSP00000041104
Q9ESZ8	10090.ENSMUSP00000049625
D0G895	10090.ENSMUSP00000140827
Q61146	10090.ENSMUSP00000065284
P97434	10090.ENSMUSP00000071914
Q8BML9	10090.ENSMUSP00000006838
Q8CI11	10090.ENSMUSP00000047119
Q9JM61	10090.ENSMUSP00000067701
Q62059	10090.ENSMUSP00000105173
Q60751	10090.ENSMUSP00000005671
Q91WA3	10090.ENSMUSP00000043828
P56564	10090.ENSMUSP00000005493
Q8R5M8	10090.ENSMUSP00000124119
Q78PY7	10090.ENSMUSP00000001460
Q80X90	10090.ENSMUSP00000052020
Q9WV32	10090.ENSMUSP00000082822
Q9R0N0	10090.ENSMUSP00000021114
Q8BGJ9	10090.ENSMUSP00000039406
Q80T41	10090.ENSMUSP00000103378
P58871	10090.ENSMUSP00000107232
P16092	10090.ENSMUSP00000081041
Q6IRU2	10090.ENSMUSP00000003575
Q9CQX5	10090.ENSMUSP00000023426
P99028	10090.ENSMUSP00000077744
O35632	10090.ENSMUSP00000141280
O35409	10090.ENSMUSP00000001824
Q5SYD0	10090.ENSMUSP00000037819
Q9ERH6	10090.ENSMUSP00000133459
Q8C145	10090.ENSMUSP00000064667
Q9D8W5	10090.ENSMUSP00000021063
P46735	10090.ENSMUSP00000018561
Q91VS7	10090.ENSMUSP00000112923
P11276	10090.ENSMUSP00000054499
Q8R0X7	10090.ENSMUSP00000112975
Q61097	10090.ENSMUSP00000018478
Q811P8	10090.ENSMUSP00000133898
Q9R0M4	10090.ENSMUSP00000026698
Q3THK7	10090.ENSMUSP00000029405
O35516	10090.ENSMUSP00000078741
Q8BU14	10090.ENSMUSP00000029256
Q8K4G5	10090.ENSMUSP00000078336
P50136	10090.ENSMUSP00000071292
P33173	10090.ENSMUSP00000108582
Q9D819	10090.ENSMUSP00000020286
P05977	10090.ENSMUSP00000027151
P35456	10090.ENSMUSP00000002284
Q8BHI7	10090.ENSMUSP00000034904
Q80TE7	10090.ENSMUSP00000142498
Q9R1V7	10090.ENSMUSP00000084633
Q9CY58	10090.ENSMUSP00000039110
Q9CPY7	10090.ENSMUSP00000040222
Q64487	10090.ENSMUSP00000133468
Q9ER35	10090.ENSMUSP00000026175
Q8VCM7	10090.ENSMUSP00000141648
Q91ZR1	10090.ENSMUSP00000090727
E2JF22	10090.ENSMUSP00000089777
P28654	10090.ENSMUSP00000100924
Q8K4L3	10090.ENSMUSP00000115078
Q9JLV1	10090.ENSMUSP00000033136
Q8C754	10090.ENSMUSP00000025178
P43006	10090.ENSMUSP00000079100
P16045	10090.ENSMUSP00000086795
Q8VCP9	10090.ENSMUSP00000054451
P70313	10090.ENSMUSP00000030834
Q66PY1	10090.ENSMUSP00000038366
Q8K2T8	10090.ENSMUSP00000003529
Q64707	10090.ENSMUSP00000062025
Q3UQ28	10090.ENSMUSP00000113703
Q9CZR2	10090.ENSMUSP00000128674
O70309	10090.ENSMUSP00000069416
Q64253	10090.ENSMUSP00000056703
Q9JIM1	10090.ENSMUSP00000131976
Q9Z239	10090.ENSMUSP00000048460
O88792	10090.ENSMUSP00000041907
Q9DCD2	10090.ENSMUSP00000019614
Q5SSZ5	10090.ENSMUSP00000020695
Q91XY4	10090.ENSMUSP00000142140
Q9DCD0	10090.ENSMUSP00000081141
Q8BUK6	10090.ENSMUSP00000046788
P28653	10090.ENSMUSP00000033741
Q9CX13	10090.ENSMUSP00000115772
Q7TT50	10090.ENSMUSP00000042565
P13542	10090.ENSMUSP00000019625
Q9WTX5	10090.ENSMUSP00000104700
Q9QYH6	10090.ENSMUSP00000026142
Q3UA16	10090.ENSMUSP00000107939
Q8R1G6	10090.ENSMUSP00000116200
Q9QXS1	10090.ENSMUSP00000073124
P29037	10090.ENSMUSP00000124317
F6ZDS4	10090.ENSMUSP00000117616
P60469	10090.ENSMUSP00000003961
Q9WVT6	10090.ENSMUSP00000036983
P97742	10090.ENSMUSP00000025835
Q8R1Z9	10090.ENSMUSP00000094396
Q75N62	10090.ENSMUSP00000145255
P97798	10090.ENSMUSP00000063656
Q8BX02	10090.ENSMUSP00000034717
P21981	10090.ENSMUSP00000099411
Q9R1V6	10090.ENSMUSP00000086139
Q99K30	10090.ENSMUSP00000026577
Q62261	10090.ENSMUSP00000006629
Q9EPX2	10090.ENSMUSP00000113806
O70258	10090.ENSMUSP00000111240
Q9ERL9	10090.ENSMUSP00000142138
Q9QYS2	10090.ENSMUSP00000004076
Q80YN3	10090.ENSMUSP00000013667
Q8R0Y6	10090.ENSMUSP00000114304
O35598	10090.ENSMUSP00000063839
Q8R2Q8	10090.ENSMUSP00000051921
Q91VC4	10090.ENSMUSP00000035404
P19246	10090.ENSMUSP00000091061
P47809	10090.ENSMUSP00000041282
Q9D4C9	10090.ENSMUSP00000035649
O08811	10090.ENSMUSP00000054380
Q80Z24	10090.ENSMUSP00000073664
Q99JY8	10090.ENSMUSP00000065719
Q925F2	10090.ENSMUSP00000002011
Q78IQ7	10090.ENSMUSP00000155442
Q8CJH3	10090.ENSMUSP00000071966
P37889	10090.ENSMUSP00000048334
Q61595	10090.ENSMUSP00000140324
P17156	10090.ENSMUSP00000151408
Q9QZQ1	10090.ENSMUSP00000118318
Q61838	10090.ENSMUSP00000107760
Q9JMK2	10090.ENSMUSP00000113341
O70293	10090.ENSMUSP00000001115
O70291	10090.ENSMUSP00000001112
Q9WTR5	10090.ENSMUSP00000113527
Q8CI59	10090.ENSMUSP00000108260
Q9DCE5	10090.ENSMUSP00000040846
Q8C310	10090.ENSMUSP00000150722
Q62469	10090.ENSMUSP00000053891
Q9ESD7	10090.ENSMUSP00000080579
Q00560	10090.ENSMUSP00000138836
P68033	10090.ENSMUSP00000087736
Q8BFW7	10090.ENSMUSP00000036304
Q6NVD0	10090.ENSMUSP00000088670
Q8BGN3	10090.ENSMUSP00000044608
Q80UG5	10090.ENSMUSP00000091435
P11627	10090.ENSMUSP00000099935
Q9ERG0	10090.ENSMUSP00000073371
P35951	10090.ENSMUSP00000034713
P98203	10090.ENSMUSP00000087562
Q8CG19	10090.ENSMUSP00000001927
Q9D1P4	10090.ENSMUSP00000001825
Q64521	10090.ENSMUSP00000130992
P06745	10090.ENSMUSP00000049355
E9Q0S6	10090.ENSMUSP00000127715
Q9JHU4	10090.ENSMUSP00000018851
Q80U35	10090.ENSMUSP00000102647
B2RRD7	10090.ENSMUSP00000108744
P70227	10090.ENSMUSP00000038150
P26516	10090.ENSMUSP00000041968
Q8BJS4	10090.ENSMUSP00000047864
P11531	10090.ENSMUSP00000109633
Q80W00	10090.ENSMUSP00000084461
Q61768	10090.ENSMUSP00000025083
Q5SUF2	10090.ENSMUSP00000021226
Q3TEA8	10090.ENSMUSP00000132614
P09470	10090.ENSMUSP00000001963
Q8C8U0	10090.ENSMUSP00000107250
P47708	10090.ENSMUSP00000078198
Q80UP3	10090.ENSMUSP00000106934
Q9D5T0	10090.ENSMUSP00000157842
Q9EQP2	10090.ENSMUSP00000028755
Q9DBY5	10090.ENSMUSP00000105255
Q8VCY6	10090.ENSMUSP00000046643
Q9D5V5	10090.ENSMUSP00000034529
Q8VI56	10090.ENSMUSP00000028689
O54991	10090.ENSMUSP00000099398
Q8R0Y8	10090.ENSMUSP00000105754
P97333	10090.ENSMUSP00000026917
Q8R2U0	10090.ENSMUSP00000025421
Q9Z268	10090.ENSMUSP00000123266
Q80T21	10090.ENSMUSP00000113424
Q922H2	10090.ENSMUSP00000036604
P46935	10090.ENSMUSP00000034740
Q61089	10090.ENSMUSP00000136328
Q922J6	10090.ENSMUSP00000029451
P47753	10090.ENSMUSP00000102381
Q5HZI9	10090.ENSMUSP00000112044
P35585	10090.ENSMUSP00000003117
P08122	10090.ENSMUSP00000033899
Q69ZQ1	10090.ENSMUSP00000059038
P62812	10090.ENSMUSP00000020707
Q9WUR2	10090.ENSMUSP00000131735
P50544	10090.ENSMUSP00000099634
P42128	10090.ENSMUSP00000072616
Q61194	10090.ENSMUSP00000126092
Q9WTQ5	10090.ENSMUSP00000035829
P62331	10090.ENSMUSP00000055862
P14873	10090.ENSMUSP00000068374
Q920I9	10090.ENSMUSP00000072509
E9Q8I9	10090.ENSMUSP00000084454
Q9JKF1	10090.ENSMUSP00000128278
Q80SZ7	10090.ENSMUSP00000114014
Q8CCB4	10090.ENSMUSP00000061317
Q3UTJ2	10090.ENSMUSP00000128000
Q71LX4	10090.ENSMUSP00000039633
P27601	10090.ENSMUSP00000020930
Q03145	10090.ENSMUSP00000006614
Q9QYB1	10090.ENSMUSP00000041453
Q8C0T5	10090.ENSMUSP00000131030
Q9QUR8	10090.ENSMUSP00000042211
P70206	10090.ENSMUSP00000131840
Q0P678	10090.ENSMUSP00000017622
Q8BKG3	10090.ENSMUSP00000043703
Q9QZB7	10090.ENSMUSP00000021479
Q8BTZ4	10090.ENSMUSP00000083393
Q62108	10090.ENSMUSP00000104229
Q9DBX3	10090.ENSMUSP00000093197
Q9JMH9	10090.ENSMUSP00000130696
Q9QXX0	10090.ENSMUSP00000028735
Q6GSS7	10090.ENSMUSP00000077814
Q64523	10090.ENSMUSP00000088288
Q08501	10090.ENSMUSP00000122219
Q61738	10090.ENSMUSP00000096712
Q68FE6	10090.ENSMUSP00000039966
P52795	10090.ENSMUSP00000050716
Q91YH5	10090.ENSMUSP00000025668
Q9JIW9	10090.ENSMUSP00000004565
P03995	10090.ENSMUSP00000064691
P06802	10090.ENSMUSP00000114273
Q99KC8	10090.ENSMUSP00000001544
P47758	10090.ENSMUSP00000035157
Q91ZV8	10090.ENSMUSP00000033876
Q8VCC8	10090.ENSMUSP00000116426
Q9JKK7	10090.ENSMUSP00000069956
Q6GU68	10090.ENSMUSP00000045142
Q6PD26	10090.ENSMUSP00000044871
Q3U1J0	10090.ENSMUSP00000033512
Q61334	10090.ENSMUSP00000137260
P42125	10090.ENSMUSP00000157291
Q2PFD7	10090.ENSMUSP00000096293
Q06890	10090.ENSMUSP00000022616
Q9DC07	10090.ENSMUSP00000028080
Q8CGZ0	10090.ENSMUSP00000148273
Q8CAA7	10090.ENSMUSP00000081998
A2APV2	10090.ENSMUSP00000047260
Q9D4H1	10090.ENSMUSP00000100010
Q6PIE5	10090.ENSMUSP00000083077
O09126	10090.ENSMUSP00000021900
O08709	10090.ENSMUSP00000071636
A2A432	10090.ENSMUSP00000110771
Q8CC35	10090.ENSMUSP00000095174
Q9D554	10090.ENSMUSP00000030734
Q9WVK4	10090.ENSMUSP00000025684
Q810U3	10090.ENSMUSP00000092148
P62322	10090.ENSMUSP00000126565
P57776	10090.ENSMUSP00000105602
Q9CSN1	10090.ENSMUSP00000021428
Q91XI1	10090.ENSMUSP00000007747
Q7M6Y3	10090.ENSMUSP00000146501
Q6R0H7	10090.ENSMUSP00000140174
Q9CQW2	10090.ENSMUSP00000032196
O88327	10090.ENSMUSP00000036487
Q6ZQA6	10090.ENSMUSP00000048900
Q8VDN2	10090.ENSMUSP00000039657
Q8BMK4	10090.ENSMUSP00000050336
Q923X1	10090.ENSMUSP00000041939
Q8K449	10090.ENSMUSP00000036338
P97326	10090.ENSMUSP00000037113
Q61234	10090.ENSMUSP00000105350
Q9CRB8	10090.ENSMUSP00000004868
Q9D898	10090.ENSMUSP00000108483
O55187	10090.ENSMUSP00000026665
Q9Z1G4	10090.ENSMUSP00000099399
Q91Z67	10090.ENSMUSP00000095195
Q91Z69	10090.ENSMUSP00000080389
Q8CGB6	10090.ENSMUSP00000129146
Q9D0I9	10090.ENSMUSP00000018992
P54320	10090.ENSMUSP00000015138
O55222	10090.ENSMUSP00000033182
Q6NZQ2	10090.ENSMUSP00000109484
Q80TN4	10090.ENSMUSP00000048714
Q9CRB2	10090.ENSMUSP00000120014
Q8R361	10090.ENSMUSP00000145402
Q8BHN5	10090.ENSMUSP00000040420
Q3UJB9	10090.ENSMUSP00000039134
Q64213	10090.ENSMUSP00000121309
Q6ZWR6	10090.ENSMUSP00000039440
P61027	10090.ENSMUSP00000021001
Q9D0M5	10090.ENSMUSP00000020775
Q8BHL3	10090.ENSMUSP00000113307
Q61792	10090.ENSMUSP00000042123
Q3TWN3	10090.ENSMUSP00000096972
P63089	10090.ENSMUSP00000099073
Q8VCC9	10090.ENSMUSP00000041157
Q3TL44	10090.ENSMUSP00000034621
A2AGT5	10090.ENSMUSP00000106970
Q8R422	10090.ENSMUSP00000091330
Q9D4F2	10090.ENSMUSP00000047776
Q9D287	10090.ENSMUSP00000005830
P13020	10090.ENSMUSP00000028239
P10649	10090.ENSMUSP00000004140
P15626	10090.ENSMUSP00000012348
Q80W21	10090.ENSMUSP00000004137
Q9R0Q6	10090.ENSMUSP00000031625
Q9R1B9	10090.ENSMUSP00000134263
Q80U72	10090.ENSMUSP00000002603
Q91YR1	10090.ENSMUSP00000023087
P54116	10090.ENSMUSP00000028241
Q00977	10090.ENSMUSP00000054343
P01899	10090.ENSMUSP00000134570
Q91ZU6	10090.ENSMUSP00000138308
Q9ER00	10090.ENSMUSP00000030698
P61089	10090.ENSMUSP00000096932
Q9QYF9	10090.ENSMUSP00000070052
Q9Z2A9	10090.ENSMUSP00000072074
Q91XD2	10090.ENSMUSP00000025254
Q9Z2N8	10090.ENSMUSP00000029214
Q62433	10090.ENSMUSP00000005256
E9Q7X6	10090.ENSMUSP00000119790
O54829	10090.ENSMUSP00000141380
Q9CVB6	10090.ENSMUSP00000109451
Q9CX30	10090.ENSMUSP00000032809
P55088	10090.ENSMUSP00000078088
Q9D880	10090.ENSMUSP00000080614
Q99JY9	10090.ENSMUSP00000137503
Q80V70	10090.ENSMUSP00000030897
Q61500	10090.ENSMUSP00000033591
Q9QYX7	10090.ENSMUSP00000030691
Q9DCA5	10090.ENSMUSP00000022855
Q9QXS6	10090.ENSMUSP00000021950
Q9CR68	10090.ENSMUSP00000045284
Q9ES46	10090.ENSMUSP00000023072
Q6ZQ58	10090.ENSMUSP00000136673
Q5DU25	10090.ENSMUSP00000127249
O35638	10090.ENSMUSP00000110725
Q6NSQ9	10090.ENSMUSP00000077995
P02463	10090.ENSMUSP00000033898
Q923B6	10090.ENSMUSP00000111081
Q8BVA4	10090.ENSMUSP00000061597
Q6PA06	10090.ENSMUSP00000064758
A2AG50	10090.ENSMUSP00000108090
P10605	10090.ENSMUSP00000006235
Q8C561	10090.ENSMUSP00000154020
Q80WG5	10090.ENSMUSP00000092690
Q3U3R4	10090.ENSMUSP00000112340
Q8VE33	10090.ENSMUSP00000105047
Q9WTI7	10090.ENSMUSP00000104069
Q9CZT8	10090.ENSMUSP00000102261
Q9JJ43	10090.ENSMUSP00000155364
Q8R3S6	10090.ENSMUSP00000109121
P11214	10090.ENSMUSP00000033941
Q91VR5	10090.ENSMUSP00000065987
Q69ZN7	10090.ENSMUSP00000045036
Q8VIK5	10090.ENSMUSP00000133474
P04919	10090.ENSMUSP00000006749
P61028	10090.ENSMUSP00000041857
O88487	10090.ENSMUSP00000107768
O08788	10090.ENSMUSP00000109552
Q9D2N4	10090.ENSMUSP00000111498
Q99K74	10090.ENSMUSP00000017354
Q9DA75	10090.ENSMUSP00000030408
Q2NL51	10090.ENSMUSP00000071654
P04925	10090.ENSMUSP00000088833
Q3THE2	10090.ENSMUSP00000042364
Q9ERA6	10090.ENSMUSP00000031288
A6H6E2	10090.ENSMUSP00000107539
O88447	10090.ENSMUSP00000082004
Q9R087	10090.ENSMUSP00000120362
Q6P9R2	10090.ENSMUSP00000042155
P35235	10090.ENSMUSP00000058757
Q8K4Q8	10090.ENSMUSP00000157132
Q9CPW4	10090.ENSMUSP00000076933
E9PV24	10090.ENSMUSP00000133117
Q3UPL0	10090.ENSMUSP00000092157
Q8VHK5	10090.ENSMUSP00000047667
Q9WVJ2	10090.ENSMUSP00000026560
P08101	10090.ENSMUSP00000027966
Q9ESN9	10090.ENSMUSP00000085683
Q9QZS8	10090.ENSMUSP00000073866
P11103	10090.ENSMUSP00000027777
Q9CS84	10090.ENSMUSP00000125407
Q99L43	10090.ENSMUSP00000099470
Q9JJK2	10090.ENSMUSP00000052146
Q9QXZ0	10090.ENSMUSP00000095507
P10126	10090.ENSMUSP00000042457
O70325	10090.ENSMUSP00000094863
Q6Q477	10090.ENSMUSP00000119242
P05132	10090.ENSMUSP00000005606
Q9JIF7	10090.ENSMUSP00000033012
Q3TWI9	10090.ENSMUSP00000109151
O88572	10090.ENSMUSP00000032322
P52480	10090.ENSMUSP00000034834
P10107	10090.ENSMUSP00000025561
Q3UH53	10090.ENSMUSP00000082928
Q8CIQ7	10090.ENSMUSP00000047652
P58771	10090.ENSMUSP00000109337
Q3TRR0	10090.ENSMUSP00000088535
Q9JLM8	10090.ENSMUSP00000050034
D3YXG0	10090.ENSMUSP00000074340
Q80TF3	10090.ENSMUSP00000116886
Q8CBA2	10090.ENSMUSP00000064819
Q9QZW0	10090.ENSMUSP00000099066
Q7TQK4	10090.ENSMUSP00000030003
Q8CJ67	10090.ENSMUSP00000124505
Q62420	10090.ENSMUSP00000030212
Q8BG32	10090.ENSMUSP00000017572
Q9DCF9	10090.ENSMUSP00000029414
P59999	10090.ENSMUSP00000114839
Q61335	10090.ENSMUSP00000002091
P59326	10090.ENSMUSP00000037808
P47754	10090.ENSMUSP00000015877
P20029	10090.ENSMUSP00000028222
Q99P88	10090.ENSMUSP00000128819
O70251	10090.ENSMUSP00000116492
P14824	10090.ENSMUSP00000104511
P31648	10090.ENSMUSP00000032454
P35283	10090.ENSMUSP00000128645
Q61879	10090.ENSMUSP00000099671
Q91VR2	10090.ENSMUSP00000110547
Q922S4	10090.ENSMUSP00000147553
Q8CGF7	10090.ENSMUSP00000158288
Q8BXJ9	10090.ENSMUSP00000064310
P63046	10090.ENSMUSP00000080973
Q9CWR7	10090.ENSMUSP00000015796
P54823	10090.ENSMUSP00000128421
Q9D415	10090.ENSMUSP00000122896
P47802	10090.ENSMUSP00000073261
A2ASQ1	10090.ENSMUSP00000137931
Q61288	10090.ENSMUSP00000000542
P62631	10090.ENSMUSP00000054556
Q9QZF2	10090.ENSMUSP00000047199
P53569	10090.ENSMUSP00000024885
Q920L1	10090.ENSMUSP00000010807
P83510	10090.ENSMUSP00000125081
Q8R4E6	10090.ENSMUSP00000065002
P29533	10090.ENSMUSP00000029574
Q3TZZ7	10090.ENSMUSP00000098548
O35457	10090.ENSMUSP00000107519
P27512	10090.ENSMUSP00000017799
Q8VBZ3	10090.ENSMUSP00000051293
Q61233	10090.ENSMUSP00000116271
P17012	10090.ENSMUSP00000085423
Q9JHJ0	10090.ENSMUSP00000072087
P08553	10090.ENSMUSP00000022638
Q9WTR6	10090.ENSMUSP00000029297
Q9JM52	10090.ENSMUSP00000072091
Q80W68	10090.ENSMUSP00000103243
Q80TL4	10090.ENSMUSP00000103609
Q3UTQ8	10090.ENSMUSP00000084342
O08585	10090.ENSMUSP00000103483
P14733	10090.ENSMUSP00000025486
P17427	10090.ENSMUSP00000003038
Q31125	10090.ENSMUSP00000025186
B0V2N1	10090.ENSMUSP00000064048
Q61263	10090.ENSMUSP00000140721
P22892	10090.ENSMUSP00000090844
O88520	10090.ENSMUSP00000025932
P27612	10090.ENSMUSP00000102724
Q8C3X8	10090.ENSMUSP00000023283
Q2TPA8	10090.ENSMUSP00000030078
Q8BGT8	10090.ENSMUSP00000045807
Q99KG5	10090.ENSMUSP00000001279
O55131	10090.ENSMUSP00000127641
Q9JJE7	10090.ENSMUSP00000111659
P26041	10090.ENSMUSP00000113071
O35643	10090.ENSMUSP00000009234
P40142	10090.ENSMUSP00000022529
Q7TSJ2	10090.ENSMUSP00000146585
Q01730	10090.ENSMUSP00000028059
P42932	10090.ENSMUSP00000026704
P20352	10090.ENSMUSP00000029771
Q8K0E8	10090.ENSMUSP00000039472
P97449	10090.ENSMUSP00000103015
Q8CB93	10090.ENSMUSP00000053775
Q8BIZ6	10090.ENSMUSP00000060721
P23116	10090.ENSMUSP00000025955
Q9QYB5	10090.ENSMUSP00000025999
Q64727	10090.ENSMUSP00000022369
Q922R8	10090.ENSMUSP00000052912
P06728	10090.ENSMUSP00000034585
P50516	10090.ENSMUSP00000110314
Q60805	10090.ENSMUSP00000014505
Q6P9K9	10090.ENSMUSP00000129678
Q3U1G5	10090.ENSMUSP00000059783
Q9QXK3	10090.ENSMUSP00000038368
Q8VDM4	10090.ENSMUSP00000007212
Q5U3K5	10090.ENSMUSP00000058746
P26039	10090.ENSMUSP00000030187
Q60931	10090.ENSMUSP00000009036
Q5U4D8	10090.ENSMUSP00000110316
F8VPU2	10090.ENSMUSP00000026635
Q80SU7	10090.ENSMUSP00000135898
O08638	10090.ENSMUSP00000155052
P14094	10090.ENSMUSP00000027863
Q9CZ52	10090.ENSMUSP00000045634
Q8BHC4	10090.ENSMUSP00000021313
G5E829	10090.ENSMUSP00000020107
P35762	10090.ENSMUSP00000043768
P70302	10090.ENSMUSP00000033289
Q9DBG3	10090.ENSMUSP00000018875
Q6PDL0	10090.ENSMUSP00000045480
Q99L88	10090.ENSMUSP00000041294
Q8CGK3	10090.ENSMUSP00000041814
Q9DB72	10090.ENSMUSP00000000206
P97479	10090.ENSMUSP00000102745
O08756	10090.ENSMUSP00000026289
Q9DBV4	10090.ENSMUSP00000030947
Q6A4J8	10090.ENSMUSP00000124093
Q9Z108	10090.ENSMUSP00000104861
O35295	10090.ENSMUSP00000136957
Q8BL65	10090.ENSMUSP00000123525
Q9CQW9	10090.ENSMUSP00000026565
Q8CGE9	10090.ENSMUSP00000030984
Q70E20	10090.ENSMUSP00000050832
Q8K3H0	10090.ENSMUSP00000042875
Q8K406	10090.ENSMUSP00000046705
Q99KU0	10090.ENSMUSP00000018315
P51125	10090.ENSMUSP00000065275
Q61666	10090.ENSMUSP00000004222
Q6NS52	10090.ENSMUSP00000037900
Q8JZZ7	10090.ENSMUSP00000143626
Q8CJ40	10090.ENSMUSP00000099549
Q9D0M3	10090.ENSMUSP00000023210
O89001	10090.ENSMUSP00000021201
Q9EQF6	10090.ENSMUSP00000110377
Q8K1S3	10090.ENSMUSP00000077080
A2AN08	10090.ENSMUSP00000095433
P50285	10090.ENSMUSP00000037259
Q922Q4	10090.ENSMUSP00000027802
Q5SXA9	10090.ENSMUSP00000018993
Q3UJD6	10090.ENSMUSP00000006854
D3YXK2	10090.ENSMUSP00000092849
Q3U962	10090.ENSMUSP00000083620
O35682	10090.ENSMUSP00000145120
E9Q3L2	10090.ENSMUSP00000156049
P47934	10090.ENSMUSP00000099919
P57722	10090.ENSMUSP00000001148
P48678	10090.ENSMUSP00000029699
Q9Z0J1	10090.ENSMUSP00000030198
Q8BQZ5	10090.ENSMUSP00000124966
O88343	10090.ENSMUSP00000121744
Q06806	10090.ENSMUSP00000037129
Q8CI32	10090.ENSMUSP00000051049
Q3UHJ0	10090.ENSMUSP00000086948
Q9WV18	10090.ENSMUSP00000025338
Q9WUU9	10090.ENSMUSP00000125960
P18052	10090.ENSMUSP00000076533
Q80T14	10090.ENSMUSP00000043250
Q8BUL5	10090.ENSMUSP00000030841
Q9DAM7	10090.ENSMUSP00000093030
Q8C863	10090.ENSMUSP00000105307
G5E8K5	10090.ENSMUSP00000138326
Q61166	10090.ENSMUSP00000028981
P97427	10090.ENSMUSP00000109795
Q921T2	10090.ENSMUSP00000095134
Q9Z1Q9	10090.ENSMUSP00000084572
Q64133	10090.ENSMUSP00000026013
P14685	10090.ENSMUSP00000017365
E9Q236	10090.ENSMUSP00000042186
Q5SQX6	10090.ENSMUSP00000127586
Q07417	10090.ENSMUSP00000031524
P63001	10090.ENSMUSP00000098058
Q05144	10090.ENSMUSP00000036384
Q9D0W5	10090.ENSMUSP00000024802
Q8C8R3	10090.ENSMUSP00000138753
Q99JI4	10090.ENSMUSP00000022256
Q3U7R1	10090.ENSMUSP00000026427
P49615	10090.ENSMUSP00000030814
P11087	10090.ENSMUSP00000001547
P28741	10090.ENSMUSP00000112782
Q61771	10090.ENSMUSP00000028977
Q9WU78	10090.ENSMUSP00000107492
Q91V41	10090.ENSMUSP00000028238
Q3UHL1	10090.ENSMUSP00000040430
Q9CZ30	10090.ENSMUSP00000028517
P19324	10090.ENSMUSP00000126390
P27773	10090.ENSMUSP00000028683
P23242	10090.ENSMUSP00000151620
Q3UMR5	10090.ENSMUSP00000020312
Q8K596	10090.ENSMUSP00000147497
Q7TPD0	10090.ENSMUSP00000029542
Q6ZPE2	10090.ENSMUSP00000118107
Q78IK4	10090.ENSMUSP00000026599
P28738	10090.ENSMUSP00000028102
P33175	10090.ENSMUSP00000096775
O88559	10090.ENSMUSP00000109130
Q9DC48	10090.ENSMUSP00000044305
O88696	10090.ENSMUSP00000002735
O35083	10090.ENSMUSP00000048573
O89051	10090.ENSMUSP00000022704
Q61696	10090.ENSMUSP00000084586
P17879	10090.ENSMUSP00000133815
P21956	10090.ENSMUSP00000032825
P42669	10090.ENSMUSP00000059404
Q9R0L7	10090.ENSMUSP00000051389
Q8BIF0	10090.ENSMUSP00000042606
Q6P2B1	10090.ENSMUSP00000110906
Q91YE7	10090.ENSMUSP00000138379
Q3UMF0	10090.ENSMUSP00000099787
P55096	10090.ENSMUSP00000029770
Q0VBL3	10090.ENSMUSP00000054424
Q9D958	10090.ENSMUSP00000139654
P24457	10090.ENSMUSP00000130338
Q9CQ91	10090.ENSMUSP00000075953
Q9Z0R9	10090.ENSMUSP00000025567
Q69ZK9	10090.ENSMUSP00000104274
Q99K10	10090.ENSMUSP00000142200
P11881	10090.ENSMUSP00000032192
Q8CAQ8	10090.ENSMUSP00000066181
Q920F6	10090.ENSMUSP00000023068
P19096	10090.ENSMUSP00000052872
Q6A0A9	10090.ENSMUSP00000053877
Q9QVP9	10090.ENSMUSP00000022622
P46460	10090.ENSMUSP00000099364
Q8BMC0	10090.ENSMUSP00000042327
Q99LC5	10090.ENSMUSP00000034866
Q68FE8	10090.ENSMUSP00000096175
Q9WV34	10090.ENSMUSP00000017458
Q8CBY8	10090.ENSMUSP00000025505
Q9WVB4	10090.ENSMUSP00000066857
P24549	10090.ENSMUSP00000153410
O35945	10090.ENSMUSP00000025656
Q3UGR5	10090.ENSMUSP00000095129
Q9R0P5	10090.ENSMUSP00000099461
Q9DCM2	10090.ENSMUSP00000031897
Q8BTS4	10090.ENSMUSP00000046540
B1AXH1	10090.ENSMUSP00000098893
P80315	10090.ENSMUSP00000133523
Q8BGZ1	10090.ENSMUSP00000051487
Q6P542	10090.ENSMUSP00000036881
Q76MZ3	10090.ENSMUSP00000007708
Q8BH07	10090.ENSMUSP00000028336
P32037	10090.ENSMUSP00000032476
O54865	10090.ENSMUSP00000029635
Q8BX05	10090.ENSMUSP00000112717
Q9JM76	10090.ENSMUSP00000099584
Q9WUQ2	10090.ENSMUSP00000074387
Q64332	10090.ENSMUSP00000009538
Q9Z1M8	10090.ENSMUSP00000007042
Q9CPQ3	10090.ENSMUSP00000023062
Q60829	10090.ENSMUSP00000077760
O08992	10090.ENSMUSP00000029912
Q8C5L3	10090.ENSMUSP00000100902
Q8BLK3	10090.ENSMUSP00000097349
P51863	10090.ENSMUSP00000013304
P07724	10090.ENSMUSP00000031314
Q9QYG0	10090.ENSMUSP00000004673
Q91V24	10090.ENSMUSP00000128121
A2ASZ8	10090.ENSMUSP00000028160
Q60930	10090.ENSMUSP00000022293
Q6P9Q6	10090.ENSMUSP00000081575
Q6ZWV3	10090.ENSMUSP00000082055
P86048	10090.ENSMUSP00000100795
Q9Z0H8	10090.ENSMUSP00000098212
P59764	10090.ENSMUSP00000047387
Q5ND28	10090.ENSMUSP00000044248
O88998	10090.ENSMUSP00000028177
Q3TXX4	10090.ENSMUSP00000082489
P70404	10090.ENSMUSP00000056502
Q62230	10090.ENSMUSP00000028794
Q9CQI7	10090.ENSMUSP00000008477
Q8K327	10090.ENSMUSP00000057270
Q99PV0	10090.ENSMUSP00000018449
O09114	10090.ENSMUSP00000015234
Q8VDJ3	10090.ENSMUSP00000127903
Q99104	10090.ENSMUSP00000116028
Q80X50	10090.ENSMUSP00000066138
Q99JW5	10090.ENSMUSP00000061935
Q61316	10090.ENSMUSP00000020630
Q00898	10090.ENSMUSP00000113606
Q80V42	10090.ENSMUSP00000020399
Q8BSQ9	10090.ENSMUSP00000107727
Q9WTT4	10090.ENSMUSP00000069482
O89103	10090.ENSMUSP00000096876
Q8BVE3	10090.ENSMUSP00000040756
O70318	10090.ENSMUSP00000055122
Q925N0	10090.ENSMUSP00000041872
Q9D172	10090.ENSMUSP00000001242
Q3UNZ8	10090.ENSMUSP00000044945
Q3UIL6	10090.ENSMUSP00000138575
Q61545	10090.ENSMUSP00000078867
B2RXS4	10090.ENSMUSP00000104955
Q99L45	10090.ENSMUSP00000096777
Q9CQS4	10090.ENSMUSP00000053325
P70295	10090.ENSMUSP00000090281
Q9D1M0	10090.ENSMUSP00000032440
Q68FL6	10090.ENSMUSP00000130666
Q9CQN1	10090.ENSMUSP00000006137
Q6GQT9	10090.ENSMUSP00000033121
Q8K2C9	10090.ENSMUSP00000044955
Q64518	10090.ENSMUSP00000021142
Q8R1A4	10090.ENSMUSP00000030286
Q99M73	10090.ENSMUSP00000023720
P35282	10090.ENSMUSP00000020343
Q9JIG8	10090.ENSMUSP00000033489
O70458	10090.ENSMUSP00000022746
Q9ERU9	10090.ENSMUSP00000003310
Q9QUG9	10090.ENSMUSP00000109104
P62880	10090.ENSMUSP00000031726
Q80TA1	10090.ENSMUSP00000118368
Q9CPS7	10090.ENSMUSP00000020317
Q9QYC0	10090.ENSMUSP00000109979
Q99KQ4	10090.ENSMUSP00000020886
Q7TPR4	10090.ENSMUSP00000021554
Q9CQF9	10090.ENSMUSP00000032065
Q8C0C7	10090.ENSMUSP00000003906
P32261	10090.ENSMUSP00000068971
P56959	10090.ENSMUSP00000101858
Q62318	10090.ENSMUSP00000005705
Q60767	10090.ENSMUSP00000028362
O55029	10090.ENSMUSP00000035033
Q8R5C5	10090.ENSMUSP00000047326
Q63918	10090.ENSMUSP00000055694
E9Q634	10090.ENSMUSP00000034745
P70248	10090.ENSMUSP00000084887
P68134	10090.ENSMUSP00000034453
P11679	10090.ENSMUSP00000023952
Q5SX40	10090.ENSMUSP00000117569
Q99KF1	10090.ENSMUSP00000105531
Q63961	10090.ENSMUSP00000009705
P61804	10090.ENSMUSP00000122366
Q6PDN3	10090.ENSMUSP00000023538
Q6PHN9	10090.ENSMUSP00000031492
Q8CIB5	10090.ENSMUSP00000044554
P61620	10090.ENSMUSP00000032168
P57780	10090.ENSMUSP00000066068
O70305	10090.ENSMUSP00000056715
Q7TMS5	10090.ENSMUSP00000031822
P12382	10090.ENSMUSP00000020522
Q8VDM6	10090.ENSMUSP00000146263
Q60605	10090.ENSMUSP00000128803
Q91V92	10090.ENSMUSP00000103012
Q9WV70	10090.ENSMUSP00000137253
P31695	10090.ENSMUSP00000015612
Q9Z2I8	10090.ENSMUSP00000144827
P29788	10090.ENSMUSP00000017488
Q9JIK5	10090.ENSMUSP00000042691
P63005	10090.ENSMUSP00000021091
Q4VA53	10090.ENSMUSP00000144572
P06909	10090.ENSMUSP00000107607
Q9D2M8	10090.ENSMUSP00000111443
Q80UZ0	10090.ENSMUSP00000086748
Q9EP97	10090.ENSMUSP00000005336
Q925P2	10090.ENSMUSP00000048118
Q6ZPR5	10090.ENSMUSP00000006053
Q5F285	10090.ENSMUSP00000091608
P63318	10090.ENSMUSP00000097874
Q61644	10090.ENSMUSP00000155999
P47740	10090.ENSMUSP00000073764
Q68FD5	10090.ENSMUSP00000099475
F6SEU4	10090.ENSMUSP00000141686
O35082	10090.ENSMUSP00000077899
Q6RHR9	10090.ENSMUSP00000086730
Q01853	10090.ENSMUSP00000030164
P68368	10090.ENSMUSP00000140657
Q9R078	10090.ENSMUSP00000031486
P68369	10090.ENSMUSP00000094778
P05214	10090.ENSMUSP00000084713
Q62165	10090.ENSMUSP00000142109
Q61550	10090.ENSMUSP00000022927
Q9CW03	10090.ENSMUSP00000025930
P08551	10090.ENSMUSP00000022639
O88935	10090.ENSMUSP00000080568
Q99J27	10090.ENSMUSP00000029402
P97384	10090.ENSMUSP00000022416
P84228	10090.ENSMUSP00000074994
Q6A068	10090.ENSMUSP00000024727
Q80X19	10090.ENSMUSP00000105850
P68254	10090.ENSMUSP00000123605
P29699	10090.ENSMUSP00000023583
P10755	10090.ENSMUSP00000146824
Q6P9Y7	10090.ENSMUSP00000079647
O08553	10090.ENSMUSP00000022629
P29341	10090.ENSMUSP00000001809
Q8BG51	10090.ENSMUSP00000057669
Q8CDG3	10090.ENSMUSP00000051248
Q9CQC7	10090.ENSMUSP00000023514
Q3TDN2	10090.ENSMUSP00000121182
B9EJI9	10090.ENSMUSP00000116234
P17225	10090.ENSMUSP00000126192
Q64310	10090.ENSMUSP00000015011
P14602	10090.ENSMUSP00000005077
Q9WTX8	10090.ENSMUSP00000031534
Q8K019	10090.ENSMUSP00000043583
Q9CU62	10090.ENSMUSP00000044645
Q8R050	10090.ENSMUSP00000078940
P58252	10090.ENSMUSP00000046101
Q91ZS8	10090.ENSMUSP00000101046
Q8BH64	10090.ENSMUSP00000096397
Q9R0B6	10090.ENSMUSP00000028187
Q8C5W0	10090.ENSMUSP00000105563
O35927	10090.ENSMUSP00000080427
Q9D1G1	10090.ENSMUSP00000025804
Q3U0V1	10090.ENSMUSP00000007814
Q9DC69	10090.ENSMUSP00000144904
Q02105	10090.ENSMUSP00000036747
P61294	10090.ENSMUSP00000035155
P62301	10090.ENSMUSP00000126294
Q60714	10090.ENSMUSP00000034267
Q07646	10090.ENSMUSP00000117713
Q9EQK5	10090.ENSMUSP00000127250
P97447	10090.ENSMUSP00000110417
Q9WUB3	10090.ENSMUSP00000047564
Q6P4S8	10090.ENSMUSP00000143789
O54734	10090.ENSMUSP00000030538
Q80YA8	10090.ENSMUSP00000058007
P28652	10090.ENSMUSP00000087925
Q3UGP8	10090.ENSMUSP00000097882
Q9ESV0	10090.ENSMUSP00000105628
Q01097	10090.ENSMUSP00000062284
Q5FWH7	10090.ENSMUSP00000080911
Q9CQ19	10090.ENSMUSP00000085913
Q9D8Y1	10090.ENSMUSP00000032844
O55143	10090.ENSMUSP00000031423
Q61235	10090.ENSMUSP00000148684
Q3TTL0	10090.ENSMUSP00000076255
P47757	10090.ENSMUSP00000030518
Q9CR26	10090.ENSMUSP00000119829
O70252	10090.ENSMUSP00000004172
Q9CZ13	10090.ENSMUSP00000026743
Q9CWU9	10090.ENSMUSP00000129728
Q9CWS4	10090.ENSMUSP00000030901
P35802	10090.ENSMUSP00000033915
Q5FWH6	10090.ENSMUSP00000104311
Q60875	10090.ENSMUSP00000029694
Q3UGX3	10090.ENSMUSP00000059313
Q8BJ05	10090.ENSMUSP00000105732
Q8C1S0	10090.ENSMUSP00000099705
Q8BTM8	10090.ENSMUSP00000109938
Q9JM63	10090.ENSMUSP00000054356
Q8VIJ6	10090.ENSMUSP00000030623
Q8BTV2	10090.ENSMUSP00000038958
Q9WVK8	10090.ENSMUSP00000021684
Q9EQ61	10090.ENSMUSP00000020705
Q9WU40	10090.ENSMUSP00000113103
Q9EQ06	10090.ENSMUSP00000031251
Q03265	10090.ENSMUSP00000026495
Q9CPW0	10090.ENSMUSP00000110288
Q9WV91	10090.ENSMUSP00000099755
Q60737	10090.ENSMUSP00000096829
Q3UHD9	10090.ENSMUSP00000043466
P62242	10090.ENSMUSP00000099757
Q99KK2	10090.ENSMUSP00000032419
P40124	10090.ENSMUSP00000101864
Q8BWT1	10090.ENSMUSP00000037348
Q62186	10090.ENSMUSP00000131386
O88507	10090.ENSMUSP00000100026
Q61103	10090.ENSMUSP00000113465
Q91VN6	10090.ENSMUSP00000021956
Q91XM9	10090.ENSMUSP00000102814
Q6GYP7	10090.ENSMUSP00000082503
Q8BMJ2	10090.ENSMUSP00000095197
P55772	10090.ENSMUSP00000116285
Q8R0S2	10090.ENSMUSP00000098710
Q9D666	10090.ENSMUSP00000056655
Q8C7X2	10090.ENSMUSP00000137103
Q8VHH5	10090.ENSMUSP00000024123
Q8BI72	10090.ENSMUSP00000148441
Q9Z0Z4	10090.ENSMUSP00000033553
B9EJ86	10090.ENSMUSP00000100911
Q6P5E4	10090.ENSMUSP00000037930
Q9CQU3	10090.ENSMUSP00000030914
O88291	10090.ENSMUSP00000031227
Q9CYN9	10090.ENSMUSP00000033313
Q8VEH3	10090.ENSMUSP00000027684
Q9R0U0	10090.ENSMUSP00000101479
Q6TCG2	10090.ENSMUSP00000078547
Q80SW1	10090.ENSMUSP00000029490
P58281	10090.ENSMUSP00000036993
Q0VEE6	10090.ENSMUSP00000110975
Q62188	10090.ENSMUSP00000112928
P24270	10090.ENSMUSP00000028610
P27546	10090.ENSMUSP00000035055
Q3UN02	10090.ENSMUSP00000068690
P84084	10090.ENSMUSP00000020717
A1L3P4	10090.ENSMUSP00000076922
Q99L04	10090.ENSMUSP00000002403
P97379	10090.ENSMUSP00000128353
Q8BIZ1	10090.ENSMUSP00000138655
P11499	10090.ENSMUSP00000024739
Q99JR5	10090.ENSMUSP00000101620
Q8VDS4	10090.ENSMUSP00000043618
P14206	10090.ENSMUSP00000035105
P50608	10090.ENSMUSP00000035489
Q9CYH2	10090.ENSMUSP00000112377
Q64339	10090.ENSMUSP00000082548
O08529	10090.ENSMUSP00000068895
P62192	10090.ENSMUSP00000021595
Q91VC3	10090.ENSMUSP00000026667
Q9WUC3	10090.ENSMUSP00000122061
Q80TJ1	10090.ENSMUSP00000064706
P49813	10090.ENSMUSP00000103402
Q80U63	10090.ENSMUSP00000030884
O35841	10090.ENSMUSP00000028617
Q8CGY8	10090.ENSMUSP00000045409
Q922Q1	10090.ENSMUSP00000066715
Q99KX1	10090.ENSMUSP00000135920
Q9JIH2	10090.ENSMUSP00000131457
P60867	10090.ENSMUSP00000120528
P63276	10090.ENSMUSP00000079628
P80316	10090.ENSMUSP00000022842
Q80YX1	10090.ENSMUSP00000103000
P35700	10090.ENSMUSP00000114159
Q571H0	10090.ENSMUSP00000114717
Q8CGC7	10090.ENSMUSP00000045841
Q9CQ75	10090.ENSMUSP00000014438
Q61361	10090.ENSMUSP00000088491
Q9D051	10090.ENSMUSP00000022268
Q05512	10090.ENSMUSP00000131684
P27048	10090.ENSMUSP00000099488
P63163	10090.ENSMUSP00000096003
P15105	10090.ENSMUSP00000083375
Q60973	10090.ENSMUSP00000033720
Q08879	10090.ENSMUSP00000054583
Q99LC3	10090.ENSMUSP00000027478
Q8VE92	10090.ENSMUSP00000038256
Q8C7Q4	10090.ENSMUSP00000137345
O35375	10090.ENSMUSP00000109794
Q8K2K6	10090.ENSMUSP00000140170
P16330	10090.ENSMUSP00000099409
Q9CZR3	10090.ENSMUSP00000005817
Q8CIE6	10090.ENSMUSP00000118179
P50518	10090.ENSMUSP00000019354
Q7TN98	10090.ENSMUSP00000020543
P56480	10090.ENSMUSP00000026459
Q61490	10090.ENSMUSP00000023312
Q6IRU5	10090.ENSMUSP00000053371
P70399	10090.ENSMUSP00000106278
B2RY56	10090.ENSMUSP00000048470
P28301	10090.ENSMUSP00000025409
Q9D3A9	10090.ENSMUSP00000078384
Q9QYR6	10090.ENSMUSP00000092223
Q8K284	10090.ENSMUSP00000056719
Q8C0E2	10090.ENSMUSP00000034470
Q6PIC6	10090.ENSMUSP00000079691
Q91X85	10090.ENSMUSP00000035569
P18872	10090.ENSMUSP00000148550
P17710	10090.ENSMUSP00000111946
Q9Z0W3	10090.ENSMUSP00000059289
Q9ES97	10090.ENSMUSP00000065810
O35465	10090.ENSMUSP00000114069
O89079	10090.ENSMUSP00000071078
Q69ZR9	10090.ENSMUSP00000022450
P53994	10090.ENSMUSP00000057664
Q8QZV7	10090.ENSMUSP00000032427
Q6URW6	10090.ENSMUSP00000046059
Q80X41	10090.ENSMUSP00000152109
Q8BXQ2	10090.ENSMUSP00000099390
Q91XU0	10090.ENSMUSP00000021832
Q9DCE9	10090.ENSMUSP00000047356
Q62425	10090.ENSMUSP00000144932
Q99LE6	10090.ENSMUSP00000030795
Q5PR73	10090.ENSMUSP00000055416
Q5DTT2	10090.ENSMUSP00000093729
Q8BPU7	10090.ENSMUSP00000072334
Q9JIS5	10090.ENSMUSP00000037576
Q8JZQ9	10090.ENSMUSP00000098076
Q922V4	10090.ENSMUSP00000114968
Q8VI84	10090.ENSMUSP00000025963
Q8K1A5	10090.ENSMUSP00000091641
P35822	10090.ENSMUSP00000126279
Q8BHD7	10090.ENSMUSP00000099947
P18572	10090.ENSMUSP00000070751
Q8VDD5	10090.ENSMUSP00000016771
Q07235	10090.ENSMUSP00000027467
P25444	10090.ENSMUSP00000092502
Q9CY64	10090.ENSMUSP00000002064
Q69Z99	10090.ENSMUSP00000075613
Q8BK64	10090.ENSMUSP00000021425
Q8K0D7	10090.ENSMUSP00000023913
O54774	10090.ENSMUSP00000020420
Q9JLF6	10090.ENSMUSP00000128090
Q66JV4	10090.ENSMUSP00000066311
Q80YR9	10090.ENSMUSP00000064195
Q9CX34	10090.ENSMUSP00000052942
Q9CPQ8	10090.ENSMUSP00000047960
P19783	10090.ENSMUSP00000138019
Q91VI7	10090.ENSMUSP00000147928
Q9CWF2	10090.ENSMUSP00000075178
P11352	10090.ENSMUSP00000081010
A2A863	10090.ENSMUSP00000127604
P46471	10090.ENSMUSP00000030769
Q8K2I3	10090.ENSMUSP00000044405
Q6P9R1	10090.ENSMUSP00000031478
Q9DBG6	10090.ENSMUSP00000112081
P35979	10090.ENSMUSP00000117461
Q9QZE5	10090.ENSMUSP00000109237
Q9CQS8	10090.ENSMUSP00000067681
P34152	10090.ENSMUSP00000105663
Q569Z6	10090.ENSMUSP00000079722
P62761	10090.ENSMUSP00000072145
P60122	10090.ENSMUSP00000032165
P18760	10090.ENSMUSP00000147514
Q9QYA2	10090.ENSMUSP00000032555
Q8BMD6	10090.ENSMUSP00000107364
Q99LG1	10090.ENSMUSP00000042919
Q91WD5	10090.ENSMUSP00000013737
Q3U9G9	10090.ENSMUSP00000005003
Q9DCT2	10090.ENSMUSP00000005647
O88685	10090.ENSMUSP00000071054
P45952	10090.ENSMUSP00000072483
Q8CBE3	10090.ENSMUSP00000062174
Q62086	10090.ENSMUSP00000062670
Q8BJU2	10090.ENSMUSP00000107796
P16858	10090.ENSMUSP00000113942
P46096	10090.ENSMUSP00000100912
G5E8B9	10090.ENSMUSP00000056923
P61222	10090.ENSMUSP00000079379
Q7TMF3	10090.ENSMUSP00000136313
Q8BMS1	10090.ENSMUSP00000120976
Q8K2R5	10090.ENSMUSP00000056105
P61205	10090.ENSMUSP00000050689
P84078	10090.ENSMUSP00000126120
Q8BSL7	10090.ENSMUSP00000102622
P09405	10090.ENSMUSP00000027438
Q8CHK3	10090.ENSMUSP00000037107
Q8R1B4	10090.ENSMUSP00000032992
Q9DCN2	10090.ENSMUSP00000018186
P63017	10090.ENSMUSP00000015800
Q9D6J6	10090.ENSMUSP00000121557
P99024	10090.ENSMUSP00000001566
P54775	10090.ENSMUSP00000032824
Q9DBR7	10090.ENSMUSP00000069257
P97314	10090.ENSMUSP00000020403
E9Q4N7	10090.ENSMUSP00000111463
Q8BPN8	10090.ENSMUSP00000113705
Q8BFV2	10090.ENSMUSP00000133204
P20357	10090.ENSMUSP00000109646
Q68FF6	10090.ENSMUSP00000037210
Q8C1B1	10090.ENSMUSP00000142299
Q00897	10090.ENSMUSP00000077909
Q8VHY0	10090.ENSMUSP00000038909
Q8K0T0	10090.ENSMUSP00000077594
Q791V5	10090.ENSMUSP00000118566
Q6NZJ6	10090.ENSMUSP00000111120
P59222	10090.ENSMUSP00000012161
Q6PDJ1	10090.ENSMUSP00000030257
Q9JHU2	10090.ENSMUSP00000044693
P61211	10090.ENSMUSP00000111942
Q8BTI8	10090.ENSMUSP00000085993
Q9JII6	10090.ENSMUSP00000030455
P82198	10090.ENSMUSP00000037719
P62908	10090.ENSMUSP00000032998
Q8BHL5	10090.ENSMUSP00000073691
P80313	10090.ENSMUSP00000032078
Q9D2P8	10090.ENSMUSP00000071084
Q99JY0	10090.ENSMUSP00000110434
Q5SVQ0	10090.ENSMUSP00000103362
Q91VE0	10090.ENSMUSP00000078971
Q8BH74	10090.ENSMUSP00000063590
Q5EG47	10090.ENSMUSP00000063166
A2A8U2	10090.ENSMUSP00000101312
Q921S7	10090.ENSMUSP00000030365
Q921F4	10090.ENSMUSP00000139372
O54941	10090.ENSMUSP00000099422
Q8BHS3	10090.ENSMUSP00000025506
P62823	10090.ENSMUSP00000132945
Q9DBL1	10090.ENSMUSP00000015829
Q9Z2H5	10090.ENSMUSP00000029155
B1AZI6	10090.ENSMUSP00000044677
Q8CFI7	10090.ENSMUSP00000031167
Q8R570	10090.ENSMUSP00000010038
P58659	10090.ENSMUSP00000036695
Q6PGG6	10090.ENSMUSP00000108311
Q9Z1J3	10090.ENSMUSP00000029147
P26443	10090.ENSMUSP00000022322
O54833	10090.ENSMUSP00000148404
O70422	10090.ENSMUSP00000001565
O88455	10090.ENSMUSP00000073541
Q60870	10090.ENSMUSP00000006027
Q99KJ8	10090.ENSMUSP00000026479
Q9CR89	10090.ENSMUSP00000120456
P47857	10090.ENSMUSP00000059801
Q99JI6	10090.ENSMUSP00000066238
Q8BFR5	10090.ENSMUSP00000095656
P80314	10090.ENSMUSP00000036288
Q6P5D8	10090.ENSMUSP00000121835
Q923T9	10090.ENSMUSP00000071720
Q9R0Q9	10090.ENSMUSP00000018905
Q9DC28	10090.ENSMUSP00000018274
Q91YT0	10090.ENSMUSP00000042967
Q5XJY5	10090.ENSMUSP00000034607
Q62219	10090.ENSMUSP00000132100
P14869	10090.ENSMUSP00000083705
Q9CWX9	10090.ENSMUSP00000032326
Q9D8B3	10090.ENSMUSP00000036206
A2AJI0	10090.ENSMUSP00000054338
O88491	10090.ENSMUSP00000097089
O55201	10090.ENSMUSP00000147164
Q9JIA1	10090.ENSMUSP00000143128
Q9Z1S5	10090.ENSMUSP00000023095
O35382	10090.ENSMUSP00000051965
Q9CQV8	10090.ENSMUSP00000018470
Q8BXV2	10090.ENSMUSP00000037609
Q6PB66	10090.ENSMUSP00000107927
P63158	10090.ENSMUSP00000082682
P56135	10090.ENSMUSP00000125504
O70228	10090.ENSMUSP00000029060
Q8BLF1	10090.ENSMUSP00000045864
Q6ZWX6	10090.ENSMUSP00000071214
Q9QY81	10090.ENSMUSP00000032179
Q9EPN1	10090.ENSMUSP00000029374
Q8K4X7	10090.ENSMUSP00000024594
P61979	10090.ENSMUSP00000112104
Q9DBG7	10090.ENSMUSP00000034541
P61164	10090.ENSMUSP00000039844
Q9D8F3	10090.ENSMUSP00000023220
P49025	10090.ENSMUSP00000062049
Q9D7G0	10090.ENSMUSP00000033809
Q9CS42	10090.ENSMUSP00000026839
Q9EPW0	10090.ENSMUSP00000121803
Q60749	10090.ENSMUSP00000066516
Q8CGK7	10090.ENSMUSP00000025402
Q9ERK4	10090.ENSMUSP00000002790
P07759	10090.ENSMUSP00000042095
Q9D024	10090.ENSMUSP00000002043
Q9D3D9	10090.ENSMUSP00000101006
Q6NXK2	10090.ENSMUSP00000036582
P17182	10090.ENSMUSP00000075513
Q9Z2Y3	10090.ENSMUSP00000078093
Q3URQ0	10090.ENSMUSP00000132498
P68372	10090.ENSMUSP00000042342
O08599	10090.ENSMUSP00000089051
P43277	10090.ENSMUSP00000044395
Q9DBE9	10090.ENSMUSP00000021048
P56546	10090.ENSMUSP00000130294
Q8CH09	10090.ENSMUSP00000128029
P68040	10090.ENSMUSP00000020640
Q8K1M6	10090.ENSMUSP00000155155
O35129	10090.ENSMUSP00000004375
P20152	10090.ENSMUSP00000028062
Q9Z2E2	10090.ENSMUSP00000095137
Q3ULD5	10090.ENSMUSP00000022148
Q99JB2	10090.ENSMUSP00000030169
Q9DCT8	10090.ENSMUSP00000081943
Q9R0X4	10090.ENSMUSP00000026324
Q32MW3	10090.ENSMUSP00000051333
P97461	10090.ENSMUSP00000104179
Q9Z2X1	10090.ENSMUSP00000130023
Q8BRT1	10090.ENSMUSP00000130201
P11983	10090.ENSMUSP00000116108
P63330	10090.ENSMUSP00000020608
P09411	10090.ENSMUSP00000080302
O35678	10090.ENSMUSP00000127374
P70245	10090.ENSMUSP00000033509
Q3TDK6	10090.ENSMUSP00000144481
P46660	10090.ENSMUSP00000041347
Q9CXR1	10090.ENSMUSP00000021512
Q4V9W2	10090.ENSMUSP00000022230
Q9JK42	10090.ENSMUSP00000041447
Q9JJ80	10090.ENSMUSP00000138581
P80317	10090.ENSMUSP00000158738
Q8R127	10090.ENSMUSP00000040956
Q91Z61	10090.ENSMUSP00000055605
P84096	10090.ENSMUSP00000102536
Q8BGH2	10090.ENSMUSP00000023071
O35286	10090.ENSMUSP00000031061
Q810A7	10090.ENSMUSP00000021046
P05202	10090.ENSMUSP00000034097
Q501J6	10090.ENSMUSP00000055535
Q9JLJ5	10090.ENSMUSP00000006557
Q6ZWN5	10090.ENSMUSP00000104265
Q9QUI0	10090.ENSMUSP00000007959
Q8BHK1	10090.ENSMUSP00000053871
Q9R112	10090.ENSMUSP00000106133
Q9DBE8	10090.ENSMUSP00000043580
Q62167	10090.ENSMUSP00000000804
P16381	10090.ENSMUSP00000035261
Q61464	10090.ENSMUSP00000144989
Q8CH18	10090.ENSMUSP00000020268
Q9QX47	10090.ENSMUSP00000109671
P31324	10090.ENSMUSP00000039797
Q01405	10090.ENSMUSP00000021375
Q91YT7	10090.ENSMUSP00000120414
Q6ZQH8	10090.ENSMUSP00000065836
Q9CXY9	10090.ENSMUSP00000045351
P67778	10090.ENSMUSP00000119603
Q91VE6	10090.ENSMUSP00000027626
Q02566	10090.ENSMUSP00000080538
Q8BM55	10090.ENSMUSP00000144615
O08547	10090.ENSMUSP00000029476
Q8BRF7	10090.ENSMUSP00000021335
Q9Z329	10090.ENSMUSP00000049584
Q64331	10090.ENSMUSP00000036181
Q9ESJ4	10090.ENSMUSP00000035218
P63082	10090.ENSMUSP00000024932
Q9EPK7	10090.ENSMUSP00000022696
P35846	10090.ENSMUSP00000102598
Q9D3B1	10090.ENSMUSP00000060462
Q8QZY1	10090.ENSMUSP00000038839
Q76LS9	10090.ENSMUSP00000102805
Q8C2Q3	10090.ENSMUSP00000006625
Q9QUK3	10090.ENSMUSP00000027554
Q07076	10090.ENSMUSP00000066035
Q8VHX6	10090.ENSMUSP00000064163
P70279	10090.ENSMUSP00000048457
P70296	10090.ENSMUSP00000048425
O88712	10090.ENSMUSP00000078682
Q8C570	10090.ENSMUSP00000029013
Q8BRG8	10090.ENSMUSP00000110813
Q9ESW4	10090.ENSMUSP00000031977
P70333	10090.ENSMUSP00000108828
Q6NZF1	10090.ENSMUSP00000027736
Q9D8M4	10090.ENSMUSP00000092888
O35130	10090.ENSMUSP00000004379
Q5HZI2	10090.ENSMUSP00000059433
Q8BW75	10090.ENSMUSP00000040550
E9Q5K9	10090.ENSMUSP00000039133
P23818	10090.ENSMUSP00000044494
Q8BGD5	10090.ENSMUSP00000069539
Q9D0E1	10090.ENSMUSP00000120115
Q80YR5	10090.ENSMUSP00000074953
O09167	10090.ENSMUSP00000041652
Q8R2Y2	10090.ENSMUSP00000034650
P11798	10090.ENSMUSP00000099952
Q6NVG1	10090.ENSMUSP00000028554
Q9WV55	10090.ENSMUSP00000024897
P61161	10090.ENSMUSP00000000137
Q8R0F5	10090.ENSMUSP00000033433
Q8R326	10090.ENSMUSP00000022507
P62334	10090.ENSMUSP00000022380
O70194	10090.ENSMUSP00000098053
Q99KP6	10090.ENSMUSP00000136858
Q7TQI3	10090.ENSMUSP00000025679
P31938	10090.ENSMUSP00000005066
O08917	10090.ENSMUSP00000001569
Q60710	10090.ENSMUSP00000059717
Q923D4	10090.ENSMUSP00000100771
Q9QUJ7	10090.ENSMUSP00000033634
Q8BL97	10090.ENSMUSP00000070983
P62746	10090.ENSMUSP00000067013
P28659	10090.ENSMUSP00000107079
P61750	10090.ENSMUSP00000022429
Q6NS60	10090.ENSMUSP00000124524
Q9CX86	10090.ENSMUSP00000007980
Q9QZD8	10090.ENSMUSP00000026899
Q61753	10090.ENSMUSP00000064755
Q99PL5	10090.ENSMUSP00000016072
Q8BU30	10090.ENSMUSP00000132082
P63087	10090.ENSMUSP00000099587
Q8VD65	10090.ENSMUSP00000139427
Q8K4Z5	10090.ENSMUSP00000002198
Q9CZM2	10090.ENSMUSP00000079163
Q9D0F3	10090.ENSMUSP00000158495
Q99ME2	10090.ENSMUSP00000070927
Q91X20	10090.ENSMUSP00000070957
O70443	10090.ENSMUSP00000036087
Q8VDR9	10090.ENSMUSP00000149156
Q80XN0	10090.ENSMUSP00000110882
P28663	10090.ENSMUSP00000028926
Q5SSI6	10090.ENSMUSP00000068103
P0DP26	10090.ENSMUSP00000019514
P35288	10090.ENSMUSP00000085625
Q8VE37	10090.ENSMUSP00000030726
Q8C1B7	10090.ENSMUSP00000144235
Q32NY4	10090.ENSMUSP00000001166
P42567	10090.ENSMUSP00000099790
Q8R0G9	10090.ENSMUSP00000048084
Q8CIM7	10090.ENSMUSP00000006094
P60202	10090.ENSMUSP00000033800
Q8BG05	10090.ENSMUSP00000107595
P62918	10090.ENSMUSP00000155657
Q8BK30	10090.ENSMUSP00000049000
Q8BH44	10090.ENSMUSP00000041826
P62270	10090.ENSMUSP00000008812
Q80U78	10090.ENSMUSP00000030315
Q9Z0E0	10090.ENSMUSP00000030637
P08752	10090.ENSMUSP00000057543
Q61164	10090.ENSMUSP00000005841
Q8K0D0	10090.ENSMUSP00000070355
Q04735	10090.ENSMUSP00000033380
Q04899	10090.ENSMUSP00000027697
Q9QXL2	10090.ENSMUSP00000085985
P62874	10090.ENSMUSP00000130123
Q8R2Y8	10090.ENSMUSP00000103656
Q922F4	10090.ENSMUSP00000001513
Q9CXW4	10090.ENSMUSP00000099595
Q3U214	10090.ENSMUSP00000148686
Q3TJD7	10090.ENSMUSP00000047173
Q66GT5	10090.ENSMUSP00000159164
Q61072	10090.ENSMUSP00000146545
Q99JR1	10090.ENSMUSP00000021930
P63085	10090.ENSMUSP00000065983
Q9CXS4	10090.ENSMUSP00000018653
P57784	10090.ENSMUSP00000117947
P62317	10090.ENSMUSP00000037597
Q9D8V0	10090.ENSMUSP00000086460
Q9QZX7	10090.ENSMUSP00000067552
Q99JX7	10090.ENSMUSP00000010241
Q922P9	10090.ENSMUSP00000111510
Q80UK8	10090.ENSMUSP00000018212
P46978	10090.ENSMUSP00000113116
P10833	10090.ENSMUSP00000042150
Q99MU3	10090.ENSMUSP00000103028
Q9QYJ0	10090.ENSMUSP00000034138
Q62465	10090.ENSMUSP00000048350
P62082	10090.ENSMUSP00000073880
Q9Z103	10090.ENSMUSP00000085316
P30999	10090.ENSMUSP00000064518
A6X919	10090.ENSMUSP00000129575
Q8BX70	10090.ENSMUSP00000077040
Q8R2Y0	10090.ENSMUSP00000129169
Q9R0K7	10090.ENSMUSP00000098605
Q9ESU6	10090.ENSMUSP00000003726
Q8K2F0	10090.ENSMUSP00000109574
Q9CPR4	10090.ENSMUSP00000157556
Q69ZU6	10090.ENSMUSP00000113681
Q921U8	10090.ENSMUSP00000074621
Q99K48	10090.ENSMUSP00000033673
Q61885	10090.ENSMUSP00000099726
Q9CSU0	10090.ENSMUSP00000029180
Q6PGN3	10090.ENSMUSP00000029719
Q9R1C7	10090.ENSMUSP00000075655
Q922U1	10090.ENSMUSP00000015892
Q9D1G3	10090.ENSMUSP00000035110
Q3V1U8	10090.ENSMUSP00000046191
P63011	10090.ENSMUSP00000105719
O09005	10090.ENSMUSP00000048519
Q4ACU6	10090.ENSMUSP00000104932
Q99LR1	10090.ENSMUSP00000053558
Q8R1Q8	10090.ENSMUSP00000035366
P23927	10090.ENSMUSP00000149803
Q6WVG3	10090.ENSMUSP00000139261
P07901	10090.ENSMUSP00000091921
Q8BVG8	10090.ENSMUSP00000045354
Q8VCB1	10090.ENSMUSP00000120365
O35098	10090.ENSMUSP00000026551
P00416	10090.ENSMUSP00000080997
Q9WV69	10090.ENSMUSP00000106612
Q9DB20	10090.ENSMUSP00000023677
Q9EP71	10090.ENSMUSP00000087815
Q9Z2Z6	10090.ENSMUSP00000035222
Q5SU73	10090.ENSMUSP00000047588
P97872	10090.ENSMUSP00000102665
Q61191	10090.ENSMUSP00000033761
Q80X82	10090.ENSMUSP00000023882
Q9JIX8	10090.ENSMUSP00000022793
Q9D6M3	10090.ENSMUSP00000019226
Q8VCW8	10090.ENSMUSP00000099453
O09106	10090.ENSMUSP00000099657
Q8BKZ9	10090.ENSMUSP00000011058
Q91WS0	10090.ENSMUSP00000043559
P54822	10090.ENSMUSP00000023043
Q8R081	10090.ENSMUSP00000133728
Q5XG69	10090.ENSMUSP00000126209
P54869	10090.ENSMUSP00000088249
P61327	10090.ENSMUSP00000030348
Q9CQL1	10090.ENSMUSP00000032307
Q60960	10090.ENSMUSP00000004054
O88532	10090.ENSMUSP00000118911
O70494	10090.ENSMUSP00000099750
Q9R1J0	10090.ENSMUSP00000033715
Q9CYN2	10090.ENSMUSP00000041152
P63044	10090.ENSMUSP00000021273
P63024	10090.ENSMUSP00000030797
Q9DCH4	10090.ENSMUSP00000033342
Q69ZA1	10090.ENSMUSP00000036013
Q9Z0N1	10090.ENSMUSP00000059395
Q9CPZ6	10090.ENSMUSP00000053056
Q9D7B6	10090.ENSMUSP00000054370
Q71KT5	10090.ENSMUSP00000025713
Q8BFP9	10090.ENSMUSP00000006669
Q62277	10090.ENSMUSP00000069429
Q6P5H2	10090.ENSMUSP00000088493
Q6NS46	10090.ENSMUSP00000072008
Q99PU8	10090.ENSMUSP00000062622
P63037	10090.ENSMUSP00000129730
Q8CBW3	10090.ENSMUSP00000118491
P08113	10090.ENSMUSP00000020238
P68181	10090.ENSMUSP00000005164
Q6ZWU9	10090.ENSMUSP00000060523
Q6ZPQ6	10090.ENSMUSP00000124111
Q9D7X3	10090.ENSMUSP00000102790
Q8JZU2	10090.ENSMUSP00000003622
Q99JW4	10090.ENSMUSP00000020077
P63328	10090.ENSMUSP00000053101
P55002	10090.ENSMUSP00000071868
Q60899	10090.ENSMUSP00000102737
Q61466	10090.ENSMUSP00000023759
P14148	10090.ENSMUSP00000071616
Q91W39	10090.ENSMUSP00000046388
Q8BTX9	10090.ENSMUSP00000044371
O70161	10090.ENSMUSP00000038225
P01887	10090.ENSMUSP00000099534
Q99JF8	10090.ENSMUSP00000030207
Q61687	10090.ENSMUSP00000109203
Q3TFD2	10090.ENSMUSP00000022099
Q60932	10090.ENSMUSP00000099819
Q6P5F9	10090.ENSMUSP00000099933
Q9DC23	10090.ENSMUSP00000028392
P47738	10090.ENSMUSP00000031411
C0HK79	10090.ENSMUSP00000051250
O70439	10090.ENSMUSP00000151638
Q8BJ71	10090.ENSMUSP00000148700
Q61699	10090.ENSMUSP00000144413
Q8BG81	10090.ENSMUSP00000054548
O89112	10090.ENSMUSP00000109612
Q60520	10090.ENSMUSP00000130221
Q6NV83	10090.ENSMUSP00000078602
Q7TPV4	10090.ENSMUSP00000044827
Q8R404	10090.ENSMUSP00000052908
P63168	10090.ENSMUSP00000009157
Q9D8N0	10090.ENSMUSP00000093955
Q9D517	10090.ENSMUSP00000001240
Q9JMD0	10090.ENSMUSP00000054168
Q61818	10090.ENSMUSP00000070896
O55135	10090.ENSMUSP00000029142
P08775	10090.ENSMUSP00000050771
Q91YQ5	10090.ENSMUSP00000032143
Q9D6R2	10090.ENSMUSP00000127526
Q9DBR1	10090.ENSMUSP00000028921
Q9ESX5	10090.ENSMUSP00000033776
P38647	10090.ENSMUSP00000025217
Q9JKC6	10090.ENSMUSP00000118591
Q9D710	10090.ENSMUSP00000107294
Q8CHT0	10090.ENSMUSP00000043821
Q9ERR7	10090.ENSMUSP00000046910
Q80U93	10090.ENSMUSP00000066492
Q01149	10090.ENSMUSP00000031668
P59235	10090.ENSMUSP00000046732
Q8VHR5	10090.ENSMUSP00000142514
Q8QZT1	10090.ENSMUSP00000034547
P51881	10090.ENSMUSP00000016463
O70503	10090.ENSMUSP00000028619
P62702	10090.ENSMUSP00000033683
P05063	10090.ENSMUSP00000017534
Q9ES28	10090.ENSMUSP00000106534
Q8BZ98	10090.ENSMUSP00000064538
P51432	10090.ENSMUSP00000025912
Q921M3	10090.ENSMUSP00000045073
Q9D2D7	10090.ENSMUSP00000019482
Q9WU79	10090.ENSMUSP00000003620
Q5SWU9	10090.ENSMUSP00000099490
P39061	10090.ENSMUSP00000101049
P62264	10090.ENSMUSP00000157948
O09117	10090.ENSMUSP00000075990
Q922K7	10090.ENSMUSP00000047123
P17742	10090.ENSMUSP00000117987
P70288	10090.ENSMUSP00000019911
Q9EQC4	10090.ENSMUSP00000034796
Q9R1C6	10090.ENSMUSP00000103526
P63137	10090.ENSMUSP00000007797
P50571	10090.ENSMUSP00000031122
Q6ZQ38	10090.ENSMUSP00000020315
P48036	10090.ENSMUSP00000029266
Q91X72	10090.ENSMUSP00000033185
Q8VCM8	10090.ENSMUSP00000020463
Q9DBC3	10090.ENSMUSP00000024816
Q9Z1N5	10090.ENSMUSP00000133428
Q8BZ94	10090.ENSMUSP00000049430
Q8R2N2	10090.ENSMUSP00000048377
Q8BHY2	10090.ENSMUSP00000038263
Q8K4B0	10090.ENSMUSP00000105349
Q6PE01	10090.ENSMUSP00000101616
P83940	10090.ENSMUSP00000139480
P61079	10090.ENSMUSP00000143608
P62838	10090.ENSMUSP00000132446
P99029	10090.ENSMUSP00000025904
O35566	10090.ENSMUSP00000101622
P60335	10090.ENSMUSP00000054863
Q8CHC4	10090.ENSMUSP00000113308
Q8C3F2	10090.ENSMUSP00000073082
P61255	10090.ENSMUSP00000129072
P32921	10090.ENSMUSP00000124625
P60766	10090.ENSMUSP00000054634
Q91ZW3	10090.ENSMUSP00000044361
Q3UEB3	10090.ENSMUSP00000098096
Q8R071	10090.ENSMUSP00000028758
Q8BH95	10090.ENSMUSP00000026538
Q9CZB0	10090.ENSMUSP00000106968
Q61937	10090.ENSMUSP00000075067
P83870	10090.ENSMUSP00000023117
O35892	10090.ENSMUSP00000066399
Q9WV92	10090.ENSMUSP00000079098
O08807	10090.ENSMUSP00000026328
Q9Z1X4	10090.ENSMUSP00000065770
Q9CQ49	10090.ENSMUSP00000023460
Q91V61	10090.ENSMUSP00000059419
Q9D0I8	10090.ENSMUSP00000099561
P62315	10090.ENSMUSP00000002551
P17183	10090.ENSMUSP00000004378
Q6PFD9	10090.ENSMUSP00000148115
P50247	10090.ENSMUSP00000061851
E9Q557	10090.ENSMUSP00000115062
Q5SDA5	10090.ENSMUSP00000044521
P62137	10090.ENSMUSP00000039109
Q80V86	10090.ENSMUSP00000038418
Q8VEK3	10090.ENSMUSP00000047571
P97315	10090.ENSMUSP00000095169
A0A087WPF7	10090.ENSMUSP00000139759
Q6P6L0	10090.ENSMUSP00000124179
Q8BUH8	10090.ENSMUSP00000086779
P68404	10090.ENSMUSP00000070019
Q91VF6	10090.ENSMUSP00000052095
Q61548	10090.ENSMUSP00000096096
Q99MR6	10090.ENSMUSP00000043123
P48453	10090.ENSMUSP00000125722
Q99KI0	10090.ENSMUSP00000023116
Q91VK4	10090.ENSMUSP00000027425
O70152	10090.ENSMUSP00000118776
Q9EQH3	10090.ENSMUSP00000034131
Q5XG71	10090.ENSMUSP00000004470
Q6PHZ5	10090.ENSMUSP00000059330
Q8CFQ3	10090.ENSMUSP00000047157
Q9DBR0	10090.ENSMUSP00000002699
Q9CPU4	10090.ENSMUSP00000028005
Q9Z277	10090.ENSMUSP00000002825
O08749	10090.ENSMUSP00000106481
Q8VHE0	10090.ENSMUSP00000019937
P21619	10090.ENSMUSP00000136524
Q9WTU0	10090.ENSMUSP00000047308
Q9D6F9	10090.ENSMUSP00000071135
P62855	10090.ENSMUSP00000026420
P23198	10090.ENSMUSP00000031862
Q8K0U4	10090.ENSMUSP00000066860
Q9DB77	10090.ENSMUSP00000033176
Q8R5J9	10090.ENSMUSP00000041503
Q9QYB8	10090.ENSMUSP00000145160
Q9EQH2	10090.ENSMUSP00000133166
Q9WV60	10090.ENSMUSP00000110398
P97441	10090.ENSMUSP00000031037
P47911	10090.ENSMUSP00000031617
Q99P72	10090.ENSMUSP00000099907
Q922B2	10090.ENSMUSP00000027602
P62889	10090.ENSMUSP00000106014
Q7TMB8	10090.ENSMUSP00000032629
O35593	10090.ENSMUSP00000028278
Q61701	10090.ENSMUSP00000102207
Q8R5K4	10090.ENSMUSP00000030138
P51150	10090.ENSMUSP00000109230
Q8CHT3	10090.ENSMUSP00000093968
Q924K8	10090.ENSMUSP00000068931
Q99MR0	10090.ENSMUSP00000119356
Q9QY76	10090.ENSMUSP00000064699
Q921F2	10090.ENSMUSP00000081142
Q80YV3	10090.ENSMUSP00000098035
Q9JJI8	10090.ENSMUSP00000102209
Q9JJF3	10090.ENSMUSP00000057984
Q80WJ7	10090.ENSMUSP00000022865
P35486	10090.ENSMUSP00000033662
Q9JKC8	10090.ENSMUSP00000117346
Q3UUQ7	10090.ENSMUSP00000095346
Q64012	10090.ENSMUSP00000029120
Q8BVY0	10090.ENSMUSP00000113431
Q91YR7	10090.ENSMUSP00000002529
Q8BKC5	10090.ENSMUSP00000032898
P17751	10090.ENSMUSP00000130858
Q8K1N2	10090.ENSMUSP00000075672
E9Q5C9	10090.ENSMUSP00000128331
Q91VD9	10090.ENSMUSP00000027111
Q8BY02	10090.ENSMUSP00000061546
O35737	10090.ENSMUSP00000076989
B1AZP2	10090.ENSMUSP00000126980
P03888	10090.ENSMUSP00000080991
P12787	10090.ENSMUSP00000000090
Q60634	10090.ENSMUSP00000072136
Q9CZS1	10090.ENSMUSP00000041260
Q9Z1G3	10090.ENSMUSP00000022904
Q3TRM4	10090.ENSMUSP00000146680
Q7TQK1	10090.ENSMUSP00000036277
Q80TV8	10090.ENSMUSP00000140167
Q9EPQ8	10090.ENSMUSP00000105136
Q3UCQ1	10090.ENSMUSP00000101719
O35691	10090.ENSMUSP00000021381
P63260	10090.ENSMUSP00000071486
Q3UKJ7	10090.ENSMUSP00000030117
Q4FK66	10090.ENSMUSP00000078207
Q8CHH9	10090.ENSMUSP00000113038
Q8R0M8	10090.ENSMUSP00000029502
P12970	10090.ENSMUSP00000099962
Q9Z2Q6	10090.ENSMUSP00000094750
Q9Z0H3	10090.ENSMUSP00000000925
Q9JLR1	10090.ENSMUSP00000100046
Q8VDP6	10090.ENSMUSP00000032920
Q8BHB4	10090.ENSMUSP00000060613
Q9D892	10090.ENSMUSP00000099482
P62751	10090.ENSMUSP00000099541
Q8BH59	10090.ENSMUSP00000122103
P35293	10090.ENSMUSP00000157011
Q80W54	10090.ENSMUSP00000053900
P61226	10090.ENSMUSP00000038841
Q8BU31	10090.ENSMUSP00000058391
P20444	10090.ENSMUSP00000062392
Q91Z49	10090.ENSMUSP00000023489
Q8BFQ4	10090.ENSMUSP00000020490
Q8BH66	10090.ENSMUSP00000021466
P62962	10090.ENSMUSP00000018437
P62858	10090.ENSMUSP00000134615
Q8R191	10090.ENSMUSP00000007236
Q6PDH0	10090.ENSMUSP00000034611
P62881	10090.ENSMUSP00000149938
Q9DAW6	10090.ENSMUSP00000081572
O35343	10090.ENSMUSP00000141227
P21107	10090.ENSMUSP00000113978
Q60668	10090.ENSMUSP00000132735
P62814	10090.ENSMUSP00000006435
Q8BGC4	10090.ENSMUSP00000052544
P24369	10090.ENSMUSP00000034947
P32883	10090.ENSMUSP00000032399
P08556	10090.ENSMUSP00000029445
Q62095	10090.ENSMUSP00000088729
P51660	10090.ENSMUSP00000025385
Q9DC70	10090.ENSMUSP00000101003
Q8K2A8	10090.ENSMUSP00000045272
Q8CI03	10090.ENSMUSP00000040022
Q9JME5	10090.ENSMUSP00000080739
P07356	10090.ENSMUSP00000034756
Q91V14	10090.ENSMUSP00000096690
Q8K358	10090.ENSMUSP00000076816
Q6P1F6	10090.ENSMUSP00000086640
P28660	10090.ENSMUSP00000107390
P61358	10090.ENSMUSP00000102870
P97807	10090.ENSMUSP00000027810
Q921N6	10090.ENSMUSP00000018143
A2A8L1	10090.ENSMUSP00000030775
Q8C8N2	10090.ENSMUSP00000037194
O35345	10090.ENSMUSP00000099650
P18242	10090.ENSMUSP00000121203
Q99NB9	10090.ENSMUSP00000027127
P09055	10090.ENSMUSP00000087457
Q5U4D9	10090.ENSMUSP00000038137
P63154	10090.ENSMUSP00000001818
Q9QXK7	10090.ENSMUSP00000068148
Q6PAL7	10090.ENSMUSP00000101536
Q9EP69	10090.ENSMUSP00000026270
Q9ET30	10090.ENSMUSP00000158318
Q61176	10090.ENSMUSP00000020161
Q920B9	10090.ENSMUSP00000042283
Q7TQK0	10090.ENSMUSP00000027587
Q8R010	10090.ENSMUSP00000031613
P51174	10090.ENSMUSP00000027153
Q9Z2E1	10090.ENSMUSP00000073701
Q6P9J9	10090.ENSMUSP00000071770
Q8BTF8	10090.ENSMUSP00000148795
Q11011	10090.ENSMUSP00000001480
Q91YU8	10090.ENSMUSP00000004203
Q64444	10090.ENSMUSP00000099483
Q9CR47	10090.ENSMUSP00000073161
Q02257	10090.ENSMUSP00000001592
Q80YQ2	10090.ENSMUSP00000090316
Q8K301	10090.ENSMUSP00000048802
Q99020	10090.ENSMUSP00000104731
Q61136	10090.ENSMUSP00000077019
P63321	10090.ENSMUSP00000009003
Q04447	10090.ENSMUSP00000001304
O55142	10090.ENSMUSP00000110728
O08573	10090.ENSMUSP00000103904
Q8BG39	10090.ENSMUSP00000127245
Q61584	10090.ENSMUSP00000001620
P15532	10090.ENSMUSP00000117022
Q01768	10090.ENSMUSP00000021217
Q9Z2G6	10090.ENSMUSP00000021347
Q9R1Q8	10090.ENSMUSP00000093762
Q9D1H7	10090.ENSMUSP00000026976
O08810	10090.ENSMUSP00000021306
Q99LX0	10090.ENSMUSP00000101299
Q9EPU4	10090.ENSMUSP00000071794
Q99KI3	10090.ENSMUSP00000032425
Q3UQU0	10090.ENSMUSP00000096982
O88393	10090.ENSMUSP00000031224
Q9WTM5	10090.ENSMUSP00000147502
Q8R480	10090.ENSMUSP00000021085
Q3TC72	10090.ENSMUSP00000028848
P27659	10090.ENSMUSP00000080354
Q91WC3	10090.ENSMUSP00000104533
Q9JJ28	10090.ENSMUSP00000002889
P16125	10090.ENSMUSP00000032373
Q6DFW4	10090.ENSMUSP00000140250
P35564	10090.ENSMUSP00000137440
Q8BGS0	10090.ENSMUSP00000033983
Q8R0S4	10090.ENSMUSP00000077438
P97868	10090.ENSMUSP00000049528
P63080	10090.ENSMUSP00000038051
Q9CY27	10090.ENSMUSP00000019382
Q8BFY9	10090.ENSMUSP00000105028
Q8K310	10090.ENSMUSP00000125761
P62830	10090.ENSMUSP00000099435
Q8CH25	10090.ENSMUSP00000049112
E9Q4Z2	10090.ENSMUSP00000099642
Q3TUH1	10090.ENSMUSP00000032461
Q8BK63	10090.ENSMUSP00000128871
O55128	10090.ENSMUSP00000073697
Q9D8E6	10090.ENSMUSP00000034966
Q925I1	10090.ENSMUSP00000030903
Q8BZH4	10090.ENSMUSP00000102891
P84104	10090.ENSMUSP00000117045
Q6RI63	10090.ENSMUSP00000054420
Q9EPU0	10090.ENSMUSP00000075089
P58501	10090.ENSMUSP00000113835
Q8CIM8	10090.ENSMUSP00000026126
P97351	10090.ENSMUSP00000029722
Q9R1Q9	10090.ENSMUSP00000019231
P53395	10090.ENSMUSP00000000349
O70378	10090.ENSMUSP00000034277
Q9EPT5	10090.ENSMUSP00000035148
P61264	10090.ENSMUSP00000101874
O08914	10090.ENSMUSP00000041543
Q7TMK9	10090.ENSMUSP00000133649
Q8CCS6	10090.ENSMUSP00000022808
P47962	10090.ENSMUSP00000080854
P39053	10090.ENSMUSP00000088618
P61963	10090.ENSMUSP00000058168
Q8BFZ3	10090.ENSMUSP00000052086
P08226	10090.ENSMUSP00000133302
P17426	10090.ENSMUSP00000127842
Q91ZZ3	10090.ENSMUSP00000043074
Q3TKT4	10090.ENSMUSP00000096547
O88587	10090.ENSMUSP00000130077
P70372	10090.ENSMUSP00000096549
Q91ZA3	10090.ENSMUSP00000038763
Q8CHT1	10090.ENSMUSP00000066894
Q9WTK3	10090.ENSMUSP00000023221
Q8C006	10090.ENSMUSP00000022623
P46638	10090.ENSMUSP00000110021
P62492	10090.ENSMUSP00000129163
Q5SSM3	10090.ENSMUSP00000039139
Q91XV3	10090.ENSMUSP00000053943
Q8CGC6	10090.ENSMUSP00000007993
P12023	10090.ENSMUSP00000005406
P97760	10090.ENSMUSP00000105147
Q7TSH6	10090.ENSMUSP00000044472
Q6DID3	10090.ENSMUSP00000076024
P60898	10090.ENSMUSP00000019882
P47964	10090.ENSMUSP00000079340
P60229	10090.ENSMUSP00000022960
P48962	10090.ENSMUSP00000034049
Q9CRB9	10090.ENSMUSP00000070149
Q8K224	10090.ENSMUSP00000028608
Q8K3Z9	10090.ENSMUSP00000106801
P55258	10090.ENSMUSP00000003121
Q6DIC0	10090.ENSMUSP00000025862
Q8K212	10090.ENSMUSP00000025786
P32067	10090.ENSMUSP00000130313
Q9JKV1	10090.ENSMUSP00000050076
O55022	10090.ENSMUSP00000073061
Q9Z2D6	10090.ENSMUSP00000033770
Q8BKS9	10090.ENSMUSP00000075573
Q60632	10090.ENSMUSP00000089036
Q9CQF3	10090.ENSMUSP00000034204
Q9Z2I0	10090.ENSMUSP00000005431
Q3TRJ4	10090.ENSMUSP00000098051
Q9CXY6	10090.ENSMUSP00000001042
Q2M3X8	10090.ENSMUSP00000115228
Q61686	10090.ENSMUSP00000113157
P70297	10090.ENSMUSP00000100025
P61021	10090.ENSMUSP00000000727
P62821	10090.ENSMUSP00000127330
Q00PI9	10090.ENSMUSP00000094515
Q8BWY3	10090.ENSMUSP00000025218
Q8K0L9	10090.ENSMUSP00000110342
Q99MR8	10090.ENSMUSP00000029259
P35492	10090.ENSMUSP00000123336
P50543	10090.ENSMUSP00000029515
Q99J56	10090.ENSMUSP00000022993
E9PZM4	10090.ENSMUSP00000126352
Q99ME9	10090.ENSMUSP00000152412
Q9CXW3	10090.ENSMUSP00000014370
P62141	10090.ENSMUSP00000015100
B1AXV0	10090.ENSMUSP00000052507
Q9JKR6	10090.ENSMUSP00000123700
P62259	10090.ENSMUSP00000070993
Q9WUA3	10090.ENSMUSP00000117030
Q7TSZ8	10090.ENSMUSP00000001975
P84089	10090.ENSMUSP00000129620
O88207	10090.ENSMUSP00000028280
P12815	10090.ENSMUSP00000022060
Q8C522	10090.ENSMUSP00000127751
Q9CXZ1	10090.ENSMUSP00000022286
Q9D0L8	10090.ENSMUSP00000009679
Q9ERD7	10090.ENSMUSP00000071134
Q9WUA2	10090.ENSMUSP00000129828
Q61990	10090.ENSMUSP00000077509
Q8BKT7	10090.ENSMUSP00000045580
Q62203	10090.ENSMUSP00000117160
Q9DCR2	10090.ENSMUSP00000025357
Q9D4H9	10090.ENSMUSP00000111173
O88569	10090.ENSMUSP00000087453
Q05CL8	10090.ENSMUSP00000029588
Q9R190	10090.ENSMUSP00000093959
P48758	10090.ENSMUSP00000049394
Q6PHZ2	10090.ENSMUSP00000143677
P61922	10090.ENSMUSP00000063548
P28665	10090.ENSMUSP00000032228
Q8BX17	10090.ENSMUSP00000131842
P63323	10090.ENSMUSP00000151305
Q02357	10090.ENSMUSP00000113571
Q9WUM5	10090.ENSMUSP00000065113
Q8K4Q0	10090.ENSMUSP00000026671
Q52KI8	10090.ENSMUSP00000125003
Q02053	10090.ENSMUSP00000001989
Q8C5N3	10090.ENSMUSP00000064947
Q91XU3	10090.ENSMUSP00000013970
Q8BVZ5	10090.ENSMUSP00000025724
Q9CR62	10090.ENSMUSP00000014750
Q9D883	10090.ENSMUSP00000014684
Q80Y86	10090.ENSMUSP00000087098
Q64676	10090.ENSMUSP00000143605
Q9Z1D1	10090.ENSMUSP00000004206
Q3UNA4	10090.ENSMUSP00000108538
P47963	10090.ENSMUSP00000000756
B2RSH2	10090.ENSMUSP00000074259
P59708	10090.ENSMUSP00000043662
O35218	10090.ENSMUSP00000047797
Q9D3E6	10090.ENSMUSP00000116205
O70456	10090.ENSMUSP00000050374
Q8VDQ8	10090.ENSMUSP00000072732
Q9Z1X2	10090.ENSMUSP00000026568
Q920G9	10090.ENSMUSP00000001185
Q5RJG1	10090.ENSMUSP00000035930
Q80U23	10090.ENSMUSP00000105501
P54071	10090.ENSMUSP00000103007
Q3V3R4	10090.ENSMUSP00000077132
Q8BR26	10090.ENSMUSP00000101608
Q00623	10090.ENSMUSP00000034588
A2AR02	10090.ENSMUSP00000045945
Q8K4G1	10090.ENSMUSP00000037536
P27671	10090.ENSMUSP00000034912
Q8BH04	10090.ENSMUSP00000038555
Q8K4L0	10090.ENSMUSP00000031598
Q91XE8	10090.ENSMUSP00000158874
Q6NVF9	10090.ENSMUSP00000134823
Q6PDQ2	10090.ENSMUSP00000060054
P48722	10090.ENSMUSP00000145468
Q9QZB9	10090.ENSMUSP00000033156
Q14BB9	10090.ENSMUSP00000043332
Q923G2	10090.ENSMUSP00000021405
Q8BXJ8	10090.ENSMUSP00000088271
Q9D6Z1	10090.ENSMUSP00000099487
B2RU80	10090.ENSMUSP00000089805
Q60900	10090.ENSMUSP00000003501
Q6PGH1	10090.ENSMUSP00000125564
Q9CPR5	10090.ENSMUSP00000115512
Q8VH51	10090.ENSMUSP00000105216
Q9DB25	10090.ENSMUSP00000035879
Q8R4R6	10090.ENSMUSP00000028382
Q9QZQ8	10090.ENSMUSP00000016081
Q06185	10090.ENSMUSP00000051222
P28828	10090.ENSMUSP00000153662
Q9Z1Q2	10090.ENSMUSP00000007251
O35344	10090.ENSMUSP00000022496
Q8JZQ5	10090.ENSMUSP00000124085
Q9D824	10090.ENSMUSP00000109164
Q91V12	10090.ENSMUSP00000129121
Q05920	10090.ENSMUSP00000063825
Q8K363	10090.ENSMUSP00000001724
P52503	10090.ENSMUSP00000022097
P35278	10090.ENSMUSP00000019317
P45591	10090.ENSMUSP00000077262
P70168	10090.ENSMUSP00000001479
P01942	10090.ENSMUSP00000090895
Q5U4C1	10090.ENSMUSP00000108769
P55012	10090.ENSMUSP00000111023
O70133	10090.ENSMUSP00000139825
P63038	10090.ENSMUSP00000027123
Q6PAC3	10090.ENSMUSP00000022909
Q8CGB3	10090.ENSMUSP00000062047
Q8CCF0	10090.ENSMUSP00000008517
P26231	10090.ENSMUSP00000049007
P04370	10090.ENSMUSP00000046185
O08583	10090.ENSMUSP00000026125
Q9JJW6	10090.ENSMUSP00000080242
P60710	10090.ENSMUSP00000098066
Q8K3A9	10090.ENSMUSP00000031740
P62743	10090.ENSMUSP00000083281
Q8C854	10090.ENSMUSP00000123088
P62281	10090.ENSMUSP00000003521
P00405	10090.ENSMUSP00000080994
P55302	10090.ENSMUSP00000030986
Q9Z204	10090.ENSMUSP00000107237
Q6ZQ08	10090.ENSMUSP00000148807
P62754	10090.ENSMUSP00000099878
Q6NY15	10090.ENSMUSP00000048859
P21278	10090.ENSMUSP00000043190
Q99PV8	10090.ENSMUSP00000068258
Q9D0T1	10090.ENSMUSP00000091840
Q6ZWQ0	10090.ENSMUSP00000047697
Q9DBY8	10090.ENSMUSP00000027797
Q8CHG7	10090.ENSMUSP00000113778
P62196	10090.ENSMUSP00000021049
Q99M28	10090.ENSMUSP00000126345
Q9R0P9	10090.ENSMUSP00000031131
Q9Z2I9	10090.ENSMUSP00000123765
Q80ZW2	10090.ENSMUSP00000069692
Q8VD12	10090.ENSMUSP00000130176
Q9DC16	10090.ENSMUSP00000132922
Q8R164	10090.ENSMUSP00000046168
Q9D2G2	10090.ENSMUSP00000060346
P21279	10090.ENSMUSP00000025541
Q8CHI8	10090.ENSMUSP00000049038
Q922Q8	10090.ENSMUSP00000021239
P60843	10090.ENSMUSP00000127034
Q8C0L0	10090.ENSMUSP00000045154
P62827	10090.ENSMUSP00000106975
Q7TNC4	10090.ENSMUSP00000055254
P09242	10090.ENSMUSP00000030551
Q9D864	10090.ENSMUSP00000020109
Q61147	10090.ENSMUSP00000103964
Q60597	10090.ENSMUSP00000091041
Q3TWW8	10090.ENSMUSP00000119065
Q6NXI6	10090.ENSMUSP00000088297
P62320	10090.ENSMUSP00000020397
A2BH40	10090.ENSMUSP00000101517
P56391	10090.ENSMUSP00000075150
P41105	10090.ENSMUSP00000032597
Q68FH0	10090.ENSMUSP00000099815
Q8BMF4	10090.ENSMUSP00000034567
Q04750	10090.ENSMUSP00000105094
Q4VBE8	10090.ENSMUSP00000041049
P62849	10090.ENSMUSP00000152944
Q99LH2	10090.ENSMUSP00000021990
Q8BFZ9	10090.ENSMUSP00000033873
Q9D328	10090.ENSMUSP00000044926
Q91X78	10090.ENSMUSP00000071618
O35350	10090.ENSMUSP00000025891
Q3UU96	10090.ENSMUSP00000106746
O35326	10090.ENSMUSP00000105980
Q8BGZ2	10090.ENSMUSP00000038233
Q8VDP4	10090.ENSMUSP00000036924
Q9JJZ2	10090.ENSMUSP00000032233
Q80TZ3	10090.ENSMUSP00000102546
Q61624	10090.ENSMUSP00000126338
P55200	10090.ENSMUSP00000002095
Q8VHJ5	10090.ENSMUSP00000027929
Q9Z148	10090.ENSMUSP00000013931
Q6P4T2	10090.ENSMUSP00000099509
P01029	10090.ENSMUSP00000069418
Q91YX5	10090.ENSMUSP00000106480
Q8K2A7	10090.ENSMUSP00000105871
P62983	10090.ENSMUSP00000099909
P0CG50	10090.ENSMUSP00000114180
P0CG49	10090.ENSMUSP00000019649
P62984	10090.ENSMUSP00000086852
Q9CQ69	10090.ENSMUSP00000053145
Q6NZN0	10090.ENSMUSP00000097901
Q8JZN5	10090.ENSMUSP00000011492
P10630	10090.ENSMUSP00000110998
Q80UP8	10090.ENSMUSP00000065935
Q99MN9	10090.ENSMUSP00000035116
Q9CPP6	10090.ENSMUSP00000023851
P67984	10090.ENSMUSP00000118787
P62835	10090.ENSMUSP00000088174
Q91XB7	10090.ENSMUSP00000025811
Q3TIX9	10090.ENSMUSP00000064515
Q91Z83	10090.ENSMUSP00000126840
Q8BP67	10090.ENSMUSP00000023269
P62071	10090.ENSMUSP00000069752
Q9D1C9	10090.ENSMUSP00000018184
Q9JMG7	10090.ENSMUSP00000102926
Q9QXX4	10090.ENSMUSP00000139571
P08032	10090.ENSMUSP00000027817
Q3UYV9	10090.ENSMUSP00000030014
Q9JLR9	10090.ENSMUSP00000054881
P62996	10090.ENSMUSP00000124846
P35438	10090.ENSMUSP00000028335
Q80WS3	10090.ENSMUSP00000128889
P05622	10090.ENSMUSP00000025522
A2AIV2	10090.ENSMUSP00000103943
P35550	10090.ENSMUSP00000037613
P63073	10090.ENSMUSP00000029803
Q80ZJ1	10090.ENSMUSP00000056433
Q9CQE8	10090.ENSMUSP00000022341
Q9DCJ5	10090.ENSMUSP00000065352
P01027	10090.ENSMUSP00000024988
P60904	10090.ENSMUSP00000072175
P14115	10090.ENSMUSP00000123410
P26369	10090.ENSMUSP00000147013
P06837	10090.ENSMUSP00000099881
O55126	10090.ENSMUSP00000083211
Q91VM5	10090.ENSMUSP00000048153
Q9Z1S3	10090.ENSMUSP00000099593
Q91Z31	10090.ENSMUSP00000029780
P31650	10090.ENSMUSP00000032451
Q6P9Z1	10090.ENSMUSP00000030791
Q8BZ36	10090.ENSMUSP00000030852
Q8BR65	10090.ENSMUSP00000130535
Q4QQM4	10090.ENSMUSP00000106897
P32233	10090.ENSMUSP00000020741
Q3U821	10090.ENSMUSP00000027139
P13541	10090.ENSMUSP00000104329
P63101	10090.ENSMUSP00000022894
P62843	10090.ENSMUSP00000069004
P62900	10090.ENSMUSP00000083722
Q9CZJ1	10090.ENSMUSP00000030738
O89086	10090.ENSMUSP00000038964
P06151	10090.ENSMUSP00000148107
Q8C4J7	10090.ENSMUSP00000120911
Q9CQ62	10090.ENSMUSP00000029877
P08003	10090.ENSMUSP00000076521
P51410	10090.ENSMUSP00000109399
P19253	10090.ENSMUSP00000115722
Q8C0P5	10090.ENSMUSP00000103386
Q64511	10090.ENSMUSP00000017629
Q9ESX4	10090.ENSMUSP00000120807
Q9ERI6	10090.ENSMUSP00000020947
Q8K4P0	10090.ENSMUSP00000025264
Q9CY66	10090.ENSMUSP00000029643
Q9Z2A7	10090.ENSMUSP00000023214
Q3UHR0	10090.ENSMUSP00000043643
P83882	10090.ENSMUSP00000106249
P84091	10090.ENSMUSP00000007216
E9Q5F9	10090.ENSMUSP00000116313
Q921J2	10090.ENSMUSP00000030787
Q91WQ3	10090.ENSMUSP00000101669
E9Q6P5	10090.ENSMUSP00000052107
P48193	10090.ENSMUSP00000030739
Q9EPC1	10090.ENSMUSP00000033030
Q8CHP6	10090.ENSMUSP00000130142
Q9JIF0	10090.ENSMUSP00000103474
Q9CQZ5	10090.ENSMUSP00000023085
Q9EST1	10090.ENSMUSP00000017348
Q32M21	10090.ENSMUSP00000091470
Q5DU57	10090.ENSMUSP00000022566
Q3UTH8	10090.ENSMUSP00000109510
Q7TNR9	10090.ENSMUSP00000035980
Q8VE97	10090.ENSMUSP00000061474
P85094	10090.ENSMUSP00000131514
Q91X97	10090.ENSMUSP00000087611
Q9D394	10090.ENSMUSP00000143302
Q791T5	10090.ENSMUSP00000093077
Q8CGR7	10090.ENSMUSP00000060437
Q8BW22	10090.ENSMUSP00000041288
Q08943	10090.ENSMUSP00000076971
P80318	10090.ENSMUSP00000001452
Q62376	10090.ENSMUSP00000074160
P20917	10090.ENSMUSP00000139564
P08249	10090.ENSMUSP00000019323
Q9CQI6	10090.ENSMUSP00000034285
P53810	10090.ENSMUSP00000115723
P70392	10090.ENSMUSP00000096930
Q8BH55	10090.ENSMUSP00000052452
Q9D0S9	10090.ENSMUSP00000030192
Q3UL36	10090.ENSMUSP00000039493
Q9JJV2	10090.ENSMUSP00000068890
Q7TN29	10090.ENSMUSP00000035800
Q9CQQ7	10090.ENSMUSP00000113022
Q9R226	10090.ENSMUSP00000022954
Q8BT60	10090.ENSMUSP00000029885
Q8JZW4	10090.ENSMUSP00000024805
Q9Z140	10090.ENSMUSP00000073847
Q1RLL3	10090.ENSMUSP00000044416
Q8BLR2	10090.ENSMUSP00000049663
P59108	10090.ENSMUSP00000045755
Q0VE82	10090.ENSMUSP00000042159
Q9DC53	10090.ENSMUSP00000067774
Q9WTX2	10090.ENSMUSP00000002808
E9PVA8	10090.ENSMUSP00000069432
P49312	10090.ENSMUSP00000042658
Q8BZF8	10090.ENSMUSP00000036025
Q8VDD9	10090.ENSMUSP00000034787
P30275	10090.ENSMUSP00000000317
Q99KV1	10090.ENSMUSP00000126828
Q8CC88	10090.ENSMUSP00000048925
Q3TDQ1	10090.ENSMUSP00000035010
P22599	10090.ENSMUSP00000139941
Q6PDM2	10090.ENSMUSP00000120595
Q62018	10090.ENSMUSP00000005749
Q8R016	10090.ENSMUSP00000021197
Q9CZX9	10090.ENSMUSP00000028551
Q9DAV9	10090.ENSMUSP00000030127
Q5RL79	10090.ENSMUSP00000043540
Q8R2R9	10090.ENSMUSP00000128446
Q9R1R2	10090.ENSMUSP00000053384
Q9D0K2	10090.ENSMUSP00000106318
P16460	10090.ENSMUSP00000099904
Q5XKN4	10090.ENSMUSP00000098631
Q9CY57	10090.ENSMUSP00000061800
Q9D081	10090.ENSMUSP00000038387
P37804	10090.ENSMUSP00000034590
Q5FWK3	10090.ENSMUSP00000106963
Q91ZH7	10090.ENSMUSP00000113137
Q9CX11	10090.ENSMUSP00000119261
P47955	10090.ENSMUSP00000008036
Q9D952	10090.ENSMUSP00000037850
Q61656	10090.ENSMUSP00000021062
Q8VEM8	10090.ENSMUSP00000075987
O55042	10090.ENSMUSP00000109907
Q6ZPF4	10090.ENSMUSP00000085566
Q8BIF2	10090.ENSMUSP00000017576
Q60864	10090.ENSMUSP00000025918
Q91W50	10090.ENSMUSP00000029446
Q8BP71	10090.ENSMUSP00000130739
P09602	10090.ENSMUSP00000075031
P39054	10090.ENSMUSP00000133564
Q9QXV1	10090.ENSMUSP00000026663
P28867	10090.ENSMUSP00000107830
Q9D968	10090.ENSMUSP00000020478
O88492	10090.ENSMUSP00000139859
A2A791	10090.ENSMUSP00000101714
P43274	10090.ENSMUSP00000057308
Q9WV07	10090.ENSMUSP00000021268
O35683	10090.ENSMUSP00000016571
P62911	10090.ENSMUSP00000145350
P43275	10090.ENSMUSP00000062030
P04104	10090.ENSMUSP00000023790
Q6P3Y5	10090.ENSMUSP00000075933
P35980	10090.ENSMUSP00000147816
Q91VN4	10090.ENSMUSP00000032172
P00920	10090.ENSMUSP00000029078
Q6PCM2	10090.ENSMUSP00000152954
Q8K4L4	10090.ENSMUSP00000047655
Q6ZPZ3	10090.ENSMUSP00000096386
Q8CGF5	10090.ENSMUSP00000119468
Q9Z130	10090.ENSMUSP00000121005
Q5M8N4	10090.ENSMUSP00000106957
P97390	10090.ENSMUSP00000015891
Q3TMP8	10090.ENSMUSP00000034244
Q8K297	10090.ENSMUSP00000047923
Q9Z0H4	10090.ENSMUSP00000110574
P56695	10090.ENSMUSP00000048053
Q80SY5	10090.ENSMUSP00000029480
P60824	10090.ENSMUSP00000101004
O35874	10090.ENSMUSP00000105223
Q62504	10090.ENSMUSP00000101412
Q61735	10090.ENSMUSP00000099853
Q9D903	10090.ENSMUSP00000030501
Q9CR57	10090.ENSMUSP00000131489
Q9D0F4	10090.ENSMUSP00000016553
Q5SZT7	10090.ENSMUSP00000065168
Q9Z2U0	10090.ENSMUSP00000029082
Q9CWH6	10090.ENSMUSP00000042590
Q9D787	10090.ENSMUSP00000155861
Q9D7H3	10090.ENSMUSP00000000348
P62307	10090.ENSMUSP00000020203
Q9Z320	10090.ENSMUSP00000017732
Q4VBD2	10090.ENSMUSP00000062110
P41216	10090.ENSMUSP00000034046
Q7TQH0	10090.ENSMUSP00000035415
P14131	10090.ENSMUSP00000103940
Q9CQR4	10090.ENSMUSP00000006900
Q99K51	10090.ENSMUSP00000109692
P35803	10090.ENSMUSP00000107848
Q6P5B0	10090.ENSMUSP00000039853
Q3U1T3	10090.ENSMUSP00000082500
Q9WV02	10090.ENSMUSP00000110374
Q8BZX4	10090.ENSMUSP00000147737
Q9CZU3	10090.ENSMUSP00000022281
D3YWQ0	10090.ENSMUSP00000099071
Q9DBJ1	10090.ENSMUSP00000011896
P14152	10090.ENSMUSP00000099938
P14211	10090.ENSMUSP00000003912
P05201	10090.ENSMUSP00000026196
Q8BK08	10090.ENSMUSP00000059494
P62717	10090.ENSMUSP00000058368
A0A1W2P872	10090.ENSMUSP00000151939
Q9D620	10090.ENSMUSP00000058042
G3XA57	10090.ENSMUSP00000059978
P59279	10090.ENSMUSP00000022765
P01831	10090.ENSMUSP00000110489
Q7TQE6	10090.ENSMUSP00000030628
Q7TMM9	10090.ENSMUSP00000060246
Q8R429	10090.ENSMUSP00000032974
P26883	10090.ENSMUSP00000037206
P62892	10090.ENSMUSP00000110886
Q80XI4	10090.ENSMUSP00000018691
O70172	10090.ENSMUSP00000006912
Q9CR60	10090.ENSMUSP00000032372
Q8CCK0	10090.ENSMUSP00000020283
Q99PU5	10090.ENSMUSP00000034822
Q8C025	10090.ENSMUSP00000112708
Q6PFR5	10090.ENSMUSP00000031841
P62267	10090.ENSMUSP00000054490
Q8BUV3	10090.ENSMUSP00000106018
E9Q912	10090.ENSMUSP00000096173
P43135	10090.ENSMUSP00000032768
Q8BGA7	10090.ENSMUSP00000041800
P26645	10090.ENSMUSP00000090245
Q9D023	10090.ENSMUSP00000027853
P08043	10090.ENSMUSP00000112079
Q07231	10090.ENSMUSP00000106584
Q9EPE9	10090.ENSMUSP00000034326
Q8BYL4	10090.ENSMUSP00000055277
P47915	10090.ENSMUSP00000117834
Q9CR67	10090.ENSMUSP00000042852
Q9JI44	10090.ENSMUSP00000099748
P05213	10090.ENSMUSP00000076777
Q9D2Q8	10090.ENSMUSP00000126821
Q60972	10090.ENSMUSP00000099658
Q9JM93	10090.ENSMUSP00000031351
Q9QUM9	10090.ENSMUSP00000021412
P60003	10090.ENSMUSP00000128173
Q6PER3	10090.ENSMUSP00000031058
Q9D5D8	10090.ENSMUSP00000104730
P16054	10090.ENSMUSP00000094874
Q9CQG6	10090.ENSMUSP00000006478
A2ASS6	10090.ENSMUSP00000107477
Q8VEK2	10090.ENSMUSP00000049060
P46061	10090.ENSMUSP00000057771
P48320	10090.ENSMUSP00000028123
P02088	10090.ENSMUSP00000023934
Q9CZ96	10090.ENSMUSP00000075441
Q60771	10090.ENSMUSP00000042181
Q8CGP5	10090.ENSMUSP00000072989
Q8R1M2	10090.ENSMUSP00000074142
Q8CGP7	10090.ENSMUSP00000074310
Q8BFU2	10090.ENSMUSP00000104445
C0HKE1	10090.ENSMUSP00000077477
Q8K1J6	10090.ENSMUSP00000060900
Q3THW5	10090.ENSMUSP00000105359
P0C0S6	10090.ENSMUSP00000036907
Q91WJ8	10090.ENSMUSP00000130145
Q99LH1	10090.ENSMUSP00000030684
Q00896	10090.ENSMUSP00000073695
P07758	10090.ENSMUSP00000072652
Q6ZQ88	10090.ENSMUSP00000101473
Q80XR2	10090.ENSMUSP00000082220
P11588	10090.ENSMUSP00000112787
P11589	10090.ENSMUSP00000095655
P02762	10090.ENSMUSP00000079442
P04938	10090.ENSMUSP00000095648
B5X0G2	10090.ENSMUSP00000103108
O35954	10090.ENSMUSP00000097599
Q9DCW4	10090.ENSMUSP00000004729
Q9DC51	10090.ENSMUSP00000000001
P17897	10090.ENSMUSP00000089800
P11438	10090.ENSMUSP00000033824
P15864	10090.ENSMUSP00000045816
Q99LI7	10090.ENSMUSP00000028599
P43276	10090.ENSMUSP00000079356
P84244	10090.ENSMUSP00000102062
Q61171	10090.ENSMUSP00000105356
Q05816	10090.ENSMUSP00000029046
Q4VAE3	10090.ENSMUSP00000071984
Q9D8Y0	10090.ENSMUSP00000044502
Q9D4J1	10090.ENSMUSP00000027472
Q9CZU6	10090.ENSMUSP00000005826
P42227	10090.ENSMUSP00000120152
F2Z472	10090.ENSMUSP00000017147
Q9JII5	10090.ENSMUSP00000089958
P62737	10090.ENSMUSP00000048218
P63268	10090.ENSMUSP00000074658
Q8C9B9	10090.ENSMUSP00000084794
Q4PZA2	10090.ENSMUSP00000099576
P99027	10090.ENSMUSP00000081474
Q569Z5	10090.ENSMUSP00000133245
Q9WUP4	10090.ENSMUSP00000031143
Q8BGX0	10090.ENSMUSP00000069371
O09061	10090.ENSMUSP00000014913
Q9D1D4	10090.ENSMUSP00000037583
Q62093	10090.ENSMUSP00000090059
P99026	10090.ENSMUSP00000005923
Q62189	10090.ENSMUSP00000079228
Q3UV17	10090.ENSMUSP00000097754
Q6PDG5	10090.ENSMUSP00000100868
Q8K2B3	10090.ENSMUSP00000022062
Q5U4C3	10090.ENSMUSP00000082501
Q9JLB0	10090.ENSMUSP00000125880
P35279	10090.ENSMUSP00000032946
G3X9C2	10090.ENSMUSP00000055562
P35276	10090.ENSMUSP00000113322
Q99MJ9	10090.ENSMUSP00000020270
Q91ZX6	10090.ENSMUSP00000023561
Q8BJ90	10090.ENSMUSP00000056959
Q61598	10090.ENSMUSP00000152454
Q8C7V3	10090.ENSMUSP00000048204
Q60823	10090.ENSMUSP00000103981
P01592	10090.ENSMUSP00000084259
P23953	10090.ENSMUSP00000034189
P54729	10090.ENSMUSP00000143657
Q9JJ59	10090.ENSMUSP00000031354
Q9ET01	10090.ENSMUSP00000071231
Q80XQ2	10090.ENSMUSP00000024717
Q3TIR3	10090.ENSMUSP00000026558
P19157	10090.ENSMUSP00000129565
P46425	10090.ENSMUSP00000038931
Q8VC30	10090.ENSMUSP00000157520
O08576	10090.ENSMUSP00000006750
Q91YI0	10090.ENSMUSP00000124579
Q9ESN6	10090.ENSMUSP00000049902
Q80TL7	10090.ENSMUSP00000073462
P23591	10090.ENSMUSP00000155139
P34914	10090.ENSMUSP00000069209
Q9D154	10090.ENSMUSP00000075690
Q61730	10090.ENSMUSP00000093843
Q9D1A2	10090.ENSMUSP00000128696
Q922D8	10090.ENSMUSP00000021443
Q9JLJ2	10090.ENSMUSP00000028004
Q99K28	10090.ENSMUSP00000028691
P48774	10090.ENSMUSP00000004134
Q6P069	10090.ENSMUSP00000118221
P30416	10090.ENSMUSP00000032508
O88844	10090.ENSMUSP00000095316
Q8K183	10090.ENSMUSP00000038540
